cargo_id,commodity,qty_mt,load_port,disch_port,laycan_open,laycan_close,stowage_factor_m3_per_mt,terms
CARG-000,Soybeans,48129,BDKHL,JPOKA,2025-09-03,2025-09-09,1.2,Liner In
CARG-001,Bauxite,80440,INMUN,ARBAI,2025-09-09,2025-09-16,2.59,Liner Out
CARG-002,Corn,44254,USGDX,INHAL,2025-09-23,2025-10-03,1.27,FIO
CARG-003,Sugar,135316,VNHPH,UAKHE,2025-09-09,2025-09-20,1.59,FIOST
CARG-004,Sugar,149246,UYMON,CMLBV,2025-09-17,2025-09-29,1.7,FIO
CARG-005,Fertilizer,43036,EGSUZ,UAKHE,2025-09-04,2025-09-19,1.87,FIOS
CARG-006,Corn,98815,IQUMQ,EGALY,2025-09-10,2025-09-26,2.22,Liner In
CARG-007,Fertilizer,59772,CNSHA,GHTEM,2025-09-10,2025-09-28,2.56,Liner In
CARG-008,Coal,27622,VNHPH,KRPUS,2025-09-08,2025-09-17,1.76,Liner In
CARG-009,Iron Ore,123276,DEHAM,SGSIN,2025-09-08,2025-09-18,1.1,Liner In
CARG-010,Fertilizer,140773,NLRTM,INMUN,2025-09-18,2025-09-30,2.2,FIO
CARG-011,Corn,29629,INHAL,UYMON,2025-09-22,2025-10-09,1.49,Liner In
CARG-012,Sugar,76232,CNTAO,QADOH,2025-09-08,2025-09-14,2.43,FIOS
CARG-013,Cement,174332,PECLL,BDKHL,2025-09-09,2025-09-18,1.65,FIOS
CARG-014,Corn,36344,OMSOH,CIVRX,2025-09-19,2025-09-27,1.88,Liner In
CARG-015,Iron Ore,48130,TRISK,PHMNL,2025-09-20,2025-10-03,2.53,FIOS
CARG-016,Iron Ore,171824,IQUMQ,UYMON,2025-09-15,2025-09-27,1.62,FIO
CARG-017,Fertilizer,153536,ITGIT,CNSHA,2025-09-21,2025-10-10,1.31,FIOST
CARG-018,Sugar,173362,NLRTM,EGSUZ,2025-09-02,2025-09-10,1.54,Liner Out
CARG-019,Grain,167492,GHTEM,EGSUZ,2025-09-05,2025-09-20,1.76,Liner Out
CARG-020,Cement,144834,BRVIX,AEJEA,2025-09-17,2025-10-05,2.18,FIO
CARG-021,Cement,85427,BRSFS,INHAL,2025-09-17,2025-09-26,2.42,Liner Out
CARG-022,Cement,159284,ZACPT,INHAL,2025-09-08,2025-09-27,1.14,Liner Out
CARG-023,Bauxite,42397,AUMEL,PAONX,2025-09-10,2025-09-28,1.73,Liner Out
CARG-024,Iron Ore,150547,EGALY,KRPUS,2025-09-09,2025-09-17,1.21,FIOS
CARG-025,Sugar,108706,PECLL,JPOKA,2025-09-22,2025-09-27,2.46,Liner Out
CARG-026,Corn,142606,IDSUB,IQUMQ,2025-09-20,2025-10-06,2.52,FIO
CARG-027,Coal,110928,MRNKC,GRPIR,2025-09-16,2025-10-02,1.4,FIO
CARG-028,Coal,31759,USGDX,ESLPA,2025-09-03,2025-09-13,2.25,Liner Out
CARG-029,Soybeans,78601,INMUN,MRNKC,2025-09-18,2025-09-28,1.9,FIOST
CARG-030,Grain,175328,PHMNL,INHAL,2025-09-07,2025-09-13,1.37,Liner Out
CARG-031,Grain,108330,CIVRX,DEHAM,2025-09-23,2025-10-05,2.32,FIO
CARG-032,Cement,57216,PHMNL,USCHA,2025-09-12,2025-09-21,2.08,FIOST
CARG-033,Corn,72672,CLVAP,USNOL,2025-09-07,2025-09-12,1.78,FIOS
CARG-034,Corn,85544,PAONX,AUSYD,2025-09-05,2025-09-23,1.32,Liner Out
CARG-035,Sugar,129153,UYMON,AUMEL,2025-09-08,2025-09-18,1.2,Liner Out
CARG-036,Sugar,144125,VNHPH,IQUMQ,2025-09-03,2025-09-19,2.33,FIOST
CARG-037,Sugar,163303,CNTAO,BRSSZ,2025-09-23,2025-09-29,2.27,FIOST
CARG-038,Soybeans,46272,GBFXT,USGDX,2025-09-20,2025-09-25,2.18,Liner Out
CARG-039,Bauxite,104242,BRSSZ,BDKHL,2025-09-08,2025-09-27,2.67,Liner In
CARG-040,Grain,138754,PHMNL,IQUMQ,2025-09-11,2025-09-29,1.17,FIO
CARG-041,Coal,101008,NGAPP,MXVER,2025-09-11,2025-09-24,2.58,FIOS
CARG-042,Sugar,78616,INPAR,OMSOH,2025-09-16,2025-10-03,1.63,Liner In
CARG-043,Sugar,171329,CIVRX,BRSSZ,2025-09-16,2025-09-25,2.52,FIOS
CARG-044,Sugar,90034,TRISK,VEPRC,2025-09-02,2025-09-11,2.01,Liner In
CARG-045,Sugar,121135,AUMEL,CNSHA,2025-09-10,2025-09-20,1.13,Liner Out
CARG-046,Iron Ore,170644,ROMID,INPAR,2025-09-17,2025-09-27,2.15,FIOST
CARG-047,Cement,156160,PECLL,MRNKC,2025-09-17,2025-09-27,1.39,Liner In
CARG-048,Corn,32072,BRSFS,IDSUB,2025-09-18,2025-09-24,1.11,Liner Out
CARG-049,Coal,102623,TRISK,AUPHE,2025-09-07,2025-09-13,1.86,FIO
CARG-050,Soybeans,40626,USNYC,MRNKC,2025-09-22,2025-10-05,2.28,Liner Out
CARG-051,Grain,38873,NGAPP,CLVAP,2025-09-13,2025-09-26,1.56,FIOST
CARG-052,Corn,177118,NGAPP,BRVIX,2025-09-09,2025-09-18,1.82,Liner In
CARG-053,Corn,118487,AUMEL,PAONX,2025-09-05,2025-09-10,1.47,Liner In
CARG-054,Sugar,73928,IQUMQ,CNTAO,2025-09-05,2025-09-23,1.65,Liner In
CARG-055,Grain,69238,USNYC,PECLL,2025-09-10,2025-09-27,2.58,FIOS
CARG-056,Coal,141860,PHMNL,JPTYO,2025-09-07,2025-09-26,2.67,FIO
CARG-057,Coal,56629,TRIST,VEPRC,2025-09-06,2025-09-15,1.26,Liner Out
CARG-058,Coal,161728,CNGZG,CAAQW,2025-09-12,2025-09-24,1.45,FIO
CARG-059,Fertilizer,114899,CLVAP,UAKHE,2025-09-21,2025-09-30,2.77,FIO
CARG-060,Coal,40950,USGDX,DEHAM,2025-09-09,2025-09-20,2.26,Liner Out
CARG-061,Coal,111696,BRVIX,INPAR,2025-09-10,2025-09-29,2.36,Liner In
CARG-062,Cement,72199,KRPUS,CNGZG,2025-09-21,2025-10-06,1.88,FIOS
CARG-063,Corn,43499,TRISK,USNOL,2025-09-09,2025-09-14,2.12,FIOS
CARG-064,Coal,117361,ITGIT,VNHPH,2025-09-13,2025-10-02,1.86,FIOS
CARG-065,Coal,84117,QADOH,INHAL,2025-09-12,2025-09-27,1.85,Liner Out
CARG-066,Cement,142396,AUSYD,ARMDP,2025-09-02,2025-09-07,2.6,FIOS
CARG-067,Bauxite,173510,ARBAI,UAKHE,2025-09-19,2025-10-06,2.28,Liner Out
CARG-068,Fertilizer,46437,EGALY,ROMID,2025-09-09,2025-09-17,2.6,Liner In
CARG-069,Fertilizer,90440,VEPRC,BRVIX,2025-09-23,2025-10-08,1.2,FIOST
CARG-070,Cement,74243,EGSUZ,USCHA,2025-09-10,2025-09-16,2.58,FIOST
CARG-071,Bauxite,25466,MYTPP,BRVIX,2025-09-03,2025-09-10,2.54,Liner Out
CARG-072,Soybeans,143425,IRBSR,TRISK,2025-09-20,2025-10-02,1.27,FIO
CARG-073,Bauxite,102805,USGDX,AEJEA,2025-09-07,2025-09-17,1.1,FIOS
CARG-074,Fertilizer,112643,DEHAM,CIVRX,2025-09-07,2025-09-18,2.16,FIO
CARG-075,Grain,29742,TRIST,BRSFS,2025-09-19,2025-09-27,1.86,FIOS
CARG-076,Grain,156739,CNSHA,NGAPP,2025-09-16,2025-09-29,1.6,FIOS
CARG-077,Grain,45343,NLRTM,PHMNL,2025-09-08,2025-09-23,2.68,Liner In
CARG-078,Cement,59425,NLRTM,ARMDP,2025-09-20,2025-10-06,1.56,Liner In
CARG-079,Bauxite,117930,QADOH,ARBAI,2025-09-06,2025-09-13,1.97,FIOST
CARG-080,Soybeans,89576,PECLL,CNTAO,2025-09-03,2025-09-12,1.39,FIO
CARG-081,Grain,136226,SGSIN,TRIST,2025-09-06,2025-09-14,1.56,Liner In
CARG-082,Cement,134081,PHMNL,BRSFS,2025-09-02,2025-09-21,2.74,Liner Out
CARG-083,Cement,102423,AUSYD,BRVIX,2025-09-07,2025-09-26,1.55,FIO
CARG-084,Cement,26274,ROMID,PHMNL,2025-09-15,2025-09-29,1.21,FIO
CARG-085,Sugar,88395,CMLBV,ROMID,2025-09-14,2025-10-03,2.26,Liner In
CARG-086,Bauxite,91943,PKKHI,ARBAI,2025-09-16,2025-10-01,2.13,Liner In
CARG-087,Soybeans,59259,CIVRX,AEJEA,2025-09-17,2025-10-06,2.24,FIOS
CARG-088,Corn,132353,ESLPA,ROMID,2025-09-06,2025-09-24,1.13,Liner In
CARG-089,Soybeans,83462,IDSUB,CNSHA,2025-09-06,2025-09-25,2.67,FIOST
CARG-090,Sugar,116326,MYTPP,IDSUB,2025-09-14,2025-09-21,2.3,FIOS
CARG-091,Cement,112674,BDKHL,INPAR,2025-09-16,2025-09-26,1.53,FIOST
CARG-092,Corn,114147,AEJEA,USNYC,2025-09-19,2025-09-27,1.38,FIOS
CARG-093,Corn,133829,IQUMQ,INMUN,2025-09-09,2025-09-23,1.58,Liner Out
CARG-094,Grain,35689,SGSIN,NLRTM,2025-09-08,2025-09-20,2.01,FIO
CARG-095,Soybeans,71729,USCHA,ITGIT,2025-09-23,2025-10-01,1.21,FIOS
CARG-096,Coal,65761,PECLL,USNOL,2025-09-06,2025-09-22,1.89,Liner Out
CARG-097,Soybeans,132310,SGSIN,THLCH,2025-09-08,2025-09-14,2.56,FIO
CARG-098,Corn,156107,INMUN,CNGZG,2025-09-13,2025-09-28,1.66,FIO
CARG-099,Iron Ore,74900,USNOL,ARBAI,2025-09-23,2025-09-30,1.88,Liner Out
CARG-100,Fertilizer,127798,CAAQW,QADOH,2025-09-03,2025-09-11,2.46,FIOS
CARG-101,Fertilizer,76006,VNHPH,PKKHI,2025-09-07,2025-09-15,1.78,Liner Out
CARG-102,Grain,67468,SGSIN,BRVIX,2025-09-05,2025-09-12,1.7,Liner Out
CARG-103,Fertilizer,36612,VNHPH,USGDX,2025-09-05,2025-09-19,1.74,FIO
CARG-104,Corn,134365,PAONX,BRVIX,2025-09-23,2025-10-06,2.22,FIOS
CARG-105,Corn,174713,NGAPP,JPTYO,2025-09-03,2025-09-20,2.05,FIO
CARG-106,Fertilizer,25218,DEHAM,INPAR,2025-09-14,2025-09-27,1.37,FIOS
CARG-107,Coal,135054,USNOL,EGSUZ,2025-09-15,2025-09-27,1.67,FIOST
CARG-108,Soybeans,148836,SAJED,ROMID,2025-09-23,2025-09-29,2.46,FIOST
CARG-109,Fertilizer,81481,BRSSZ,SGSIN,2025-09-02,2025-09-18,2.02,FIOST
CARG-110,Bauxite,147810,AEJEA,AUSYD,2025-09-09,2025-09-14,2.65,FIOST
CARG-111,Soybeans,122888,GBFXT,PHMNL,2025-09-10,2025-09-15,1.82,FIO
CARG-112,Bauxite,62464,INPAR,ARBAI,2025-09-12,2025-09-23,2.43,FIO
CARG-113,Sugar,25219,PHMNL,UYMON,2025-09-12,2025-09-24,1.29,Liner Out
CARG-114,Soybeans,117907,CIVRX,EGSUZ,2025-09-11,2025-09-20,1.1,Liner Out
CARG-115,Sugar,73224,SAJED,KRPUS,2025-09-02,2025-09-13,1.89,FIOS
CARG-116,Soybeans,136123,PAONX,TRISK,2025-09-10,2025-09-27,2.16,Liner In
CARG-117,Grain,135579,CAAQW,CMLBV,2025-09-03,2025-09-12,1.99,FIOS
CARG-118,Corn,143201,DEHAM,PAONX,2025-09-11,2025-09-29,2.52,Liner In
CARG-119,Coal,121161,PKKHI,GBFXT,2025-09-09,2025-09-15,1.84,FIO
CARG-120,Fertilizer,149767,CNTAO,USCHA,2025-09-09,2025-09-24,1.36,FIO
CARG-121,Iron Ore,53695,AEJEA,JPOKA,2025-09-11,2025-09-25,2.76,FIOS
CARG-122,Corn,164548,EGSUZ,AUPHE,2025-09-03,2025-09-10,1.48,FIO
CARG-123,Grain,168350,UAKHE,ARMDP,2025-09-18,2025-10-05,2.58,FIOST
CARG-124,Sugar,178241,CAAQW,AEJEA,2025-09-10,2025-09-18,2.79,FIOS
CARG-125,Fertilizer,92949,BRSFS,NGAPP,2025-09-12,2025-09-18,1.96,Liner Out
CARG-126,Fertilizer,90022,INHAL,USCHA,2025-09-19,2025-10-07,2.53,FIOS
CARG-127,Soybeans,154268,CNSHA,USNOL,2025-09-16,2025-10-01,1.93,FIOST
CARG-128,Sugar,132351,IDSUB,AEJEA,2025-09-09,2025-09-22,2.52,Liner In
CARG-129,Iron Ore,62252,BRVIX,BRSSZ,2025-09-04,2025-09-12,1.14,Liner In
CARG-130,Corn,119555,ARBAI,THLCH,2025-09-10,2025-09-29,2.03,Liner In
CARG-131,Sugar,88755,AEJEA,SAJED,2025-09-15,2025-09-24,1.94,FIO
CARG-132,Fertilizer,124951,VEPRC,PKKHI,2025-09-17,2025-09-29,2.06,FIOST
CARG-133,Corn,61631,AUPHE,KRPUS,2025-09-09,2025-09-23,2.55,FIOS
CARG-134,Corn,42608,CNTAO,ARMDP,2025-09-05,2025-09-22,1.54,FIOST
CARG-135,Cement,96859,AUSYD,MYTPP,2025-09-19,2025-09-29,1.48,Liner Out
CARG-136,Sugar,120413,PAONX,CMLBV,2025-09-16,2025-10-03,2.05,Liner In
CARG-137,Fertilizer,47445,JPTYO,UYMON,2025-09-19,2025-09-28,2.41,FIOS
CARG-138,Corn,108478,GBFXT,PECLL,2025-09-08,2025-09-17,1.33,FIOS
CARG-139,Grain,68807,IQUMQ,CAAQW,2025-09-23,2025-10-02,1.43,Liner Out
CARG-140,Cement,125355,USGDX,PAONX,2025-09-07,2025-09-15,1.55,Liner In
CARG-141,Grain,63038,BRSFS,AUSYD,2025-09-09,2025-09-19,1.69,FIOS
CARG-142,Iron Ore,117988,MYTPP,AUPHE,2025-09-13,2025-09-23,2.38,FIOST
CARG-143,Soybeans,103927,SGSIN,JPTYO,2025-09-02,2025-09-19,1.51,Liner Out
CARG-144,Sugar,80805,INPAR,SAJED,2025-09-06,2025-09-25,1.21,FIOS
CARG-145,Iron Ore,35661,DEHAM,USNYC,2025-09-07,2025-09-15,1.88,Liner Out
CARG-146,Coal,43524,CAAQW,ARBAI,2025-09-03,2025-09-08,1.89,FIOST
CARG-147,Iron Ore,27628,UYMON,MXVER,2025-09-07,2025-09-15,2.37,Liner In
CARG-148,Soybeans,111647,CMLBV,DEHAM,2025-09-18,2025-10-01,1.82,Liner Out
CARG-149,Fertilizer,143099,IRBSR,DEHAM,2025-09-16,2025-10-01,1.92,FIOST
CARG-150,Grain,105630,IDSUB,AUSYD,2025-09-14,2025-09-20,1.69,FIOS
CARG-151,Cement,76636,AUMEL,ARBAI,2025-09-06,2025-09-13,2.59,FIOST
CARG-152,Coal,130544,JPOKA,AUSYD,2025-09-22,2025-10-10,1.78,Liner In
CARG-153,Grain,166602,JPTYO,CMLBV,2025-09-09,2025-09-22,2.39,FIOS
CARG-154,Iron Ore,108224,DEHAM,ZACPT,2025-09-16,2025-09-21,1.68,Liner Out
CARG-155,Sugar,152234,NGAPP,BRSSZ,2025-09-03,2025-09-19,2.26,FIO
CARG-156,Corn,83878,IQUMQ,GBFXT,2025-09-03,2025-09-11,2.68,FIO
CARG-157,Coal,69297,TRISK,PKKHI,2025-09-05,2025-09-13,2.61,FIOST
CARG-158,Soybeans,28097,ZACPT,ARMDP,2025-09-20,2025-10-01,1.23,FIOST
CARG-159,Sugar,64748,MRNKC,CAAQW,2025-09-18,2025-10-07,1.51,Liner Out
CARG-160,Coal,88428,INPAR,ROMID,2025-09-14,2025-09-22,2.23,FIOS
CARG-161,Fertilizer,33552,INMUN,ROMID,2025-09-20,2025-09-29,2.35,FIO
CARG-162,Cement,59204,AUSYD,PECLL,2025-09-07,2025-09-16,1.2,FIOST
CARG-163,Bauxite,117604,PKKHI,OMSOH,2025-09-22,2025-10-07,2.0,FIOST
CARG-164,Fertilizer,85673,ITGIT,SAJED,2025-09-04,2025-09-12,1.35,Liner Out
CARG-165,Cement,126558,NLRTM,INMUN,2025-09-16,2025-10-05,1.58,FIOS
CARG-166,Soybeans,160207,SAJED,USNOL,2025-09-22,2025-10-06,2.68,Liner Out
CARG-167,Bauxite,144080,BRVIX,CLVAP,2025-09-09,2025-09-27,2.24,FIOS
CARG-168,Soybeans,162527,EGSUZ,ARMDP,2025-09-05,2025-09-23,2.06,Liner In
CARG-169,Soybeans,35114,JPOKA,CNGZG,2025-09-22,2025-10-04,1.47,Liner In
CARG-170,Cement,61746,BDKHL,JPTYO,2025-09-08,2025-09-17,2.04,FIOS
CARG-171,Bauxite,83708,ARBAI,INMUN,2025-09-02,2025-09-16,2.32,FIO
CARG-172,Sugar,149260,IRBSR,IQUMQ,2025-09-14,2025-09-23,1.82,Liner Out
CARG-173,Coal,134600,CNSHA,CARTG,2025-09-11,2025-09-23,1.68,Liner In
CARG-174,Grain,93632,PHMNL,GHTEM,2025-09-16,2025-09-24,2.54,FIOS
CARG-175,Corn,67206,INHAL,USGDX,2025-09-11,2025-09-25,2.48,FIOS
CARG-176,Bauxite,112960,ARBAI,GRPIR,2025-09-18,2025-09-30,1.85,FIOST
CARG-177,Grain,109949,PHMNL,JPOKA,2025-09-20,2025-09-28,2.36,FIO
CARG-178,Bauxite,155558,TRIST,INPAR,2025-09-23,2025-10-03,1.79,Liner In
CARG-179,Sugar,91716,PHMNL,SGSIN,2025-09-23,2025-10-01,1.82,FIO
CARG-180,Grain,103119,JPTYO,UAKHE,2025-09-17,2025-10-06,1.52,FIOST
CARG-181,Iron Ore,72512,DEHAM,JPTYO,2025-09-06,2025-09-13,1.64,FIOS
CARG-182,Corn,125204,PECLL,ARBAI,2025-09-14,2025-09-20,1.48,Liner Out
CARG-183,Iron Ore,114760,AEJEA,USNYC,2025-09-16,2025-10-03,2.36,FIO
CARG-184,Iron Ore,128388,VEPRC,USNOL,2025-09-02,2025-09-08,1.58,FIOST
CARG-185,Grain,164526,GRPIR,CARTG,2025-09-14,2025-09-30,1.8,Liner Out
CARG-186,Grain,105975,TRIST,CAAQW,2025-09-19,2025-09-24,2.31,FIO
CARG-187,Grain,64509,ZACPT,AUMEL,2025-09-17,2025-09-24,2.32,FIOST
CARG-188,Bauxite,48560,USGDX,IRBSR,2025-09-14,2025-09-20,2.72,FIO
CARG-189,Fertilizer,54462,PECLL,AUSYD,2025-09-19,2025-09-25,2.55,FIOS
CARG-190,Soybeans,103540,JPTYO,BRSFS,2025-09-22,2025-10-11,1.37,Liner In
CARG-191,Sugar,121218,MYTPP,GHTEM,2025-09-05,2025-09-15,1.8,Liner In
CARG-192,Grain,118766,BDKHL,MRNKC,2025-09-05,2025-09-24,2.06,Liner Out
CARG-193,Coal,43281,PECLL,PAONX,2025-09-20,2025-10-06,1.87,FIO
CARG-194,Sugar,42878,PECLL,ESLPA,2025-09-23,2025-10-07,1.27,FIOST
CARG-195,Cement,83725,AUMEL,GRPIR,2025-09-20,2025-09-27,2.33,FIO
CARG-196,Bauxite,44659,SGSIN,MYTPP,2025-09-03,2025-09-16,1.92,FIOST
CARG-197,Iron Ore,58967,VNHPH,TRISK,2025-09-16,2025-09-21,1.58,FIO
CARG-198,Grain,41485,ESLPA,ARBAI,2025-09-12,2025-09-25,1.53,Liner In
CARG-199,Soybeans,141362,BRSSZ,USGDX,2025-09-23,2025-09-28,2.31,FIO
CARG-200,Coal,76161,USGDX,DEHAM,2025-09-03,2025-09-20,2.59,FIO
CARG-201,Fertilizer,84767,AUPHE,USNYC,2025-09-15,2025-10-01,2.73,FIOS
CARG-202,Cement,69955,VEPRC,AUSYD,2025-09-21,2025-10-10,1.77,FIOS
CARG-203,Fertilizer,69980,EGALY,UYMON,2025-09-06,2025-09-17,2.48,Liner Out
CARG-204,Iron Ore,101958,USCHA,VEPRC,2025-09-05,2025-09-11,2.64,Liner In
CARG-205,Grain,38855,KRPUS,MXVER,2025-09-03,2025-09-13,1.38,FIOST
CARG-206,Bauxite,107700,ITGIT,UAKHE,2025-09-20,2025-10-08,2.47,Liner In
CARG-207,Grain,169000,USCHA,BRVIX,2025-09-08,2025-09-15,2.54,Liner In
CARG-208,Cement,152584,THLCH,TRIST,2025-09-17,2025-10-01,1.18,FIO
CARG-209,Cement,30246,USNOL,CNTAO,2025-09-13,2025-09-18,1.87,Liner Out
CARG-210,Cement,133494,ESLPA,GBFXT,2025-09-12,2025-09-25,2.2,FIOST
CARG-211,Bauxite,112294,IDSUB,CAAQW,2025-09-19,2025-09-28,1.7,Liner Out
CARG-212,Iron Ore,67210,AEJEA,BRSSZ,2025-09-08,2025-09-25,2.05,FIOS
CARG-213,Cement,38013,USNYC,USCHA,2025-09-04,2025-09-15,2.26,FIOST
CARG-214,Corn,140543,GRPIR,BRSSZ,2025-09-11,2025-09-19,2.25,Liner Out
CARG-215,Grain,153181,JPOKA,USNOL,2025-09-10,2025-09-28,1.35,Liner In
CARG-216,Sugar,154568,KRPUS,CLVAP,2025-09-17,2025-10-05,2.39,Liner In
CARG-217,Iron Ore,74741,PKKHI,JPOKA,2025-09-16,2025-10-02,1.31,Liner Out
CARG-218,Grain,77143,IQUMQ,CARTG,2025-09-18,2025-09-30,1.53,Liner In
CARG-219,Coal,86581,JPOKA,SGSIN,2025-09-14,2025-09-24,2.69,FIOS
CARG-220,Bauxite,120055,ITGIT,USCHA,2025-09-12,2025-09-21,2.35,Liner Out
CARG-221,Corn,101345,MXVER,NGAPP,2025-09-12,2025-09-25,1.34,Liner In
CARG-222,Grain,69690,SAJED,MRNKC,2025-09-02,2025-09-08,2.69,Liner Out
CARG-223,Coal,176789,VEPRC,ARMDP,2025-09-04,2025-09-10,1.53,Liner Out
CARG-224,Fertilizer,108493,GRPIR,ZACPT,2025-09-20,2025-10-04,1.18,Liner Out
CARG-225,Corn,127457,INMUN,PHMNL,2025-09-18,2025-10-02,2.72,FIO
CARG-226,Soybeans,94064,USCHA,GRPIR,2025-09-10,2025-09-19,1.61,FIO
CARG-227,Coal,125117,PHMNL,MRNKC,2025-09-17,2025-10-02,2.79,FIOS
CARG-228,Soybeans,68939,TRISK,USGDX,2025-09-09,2025-09-21,1.23,FIOS
CARG-229,Bauxite,164634,VNHPH,ROMID,2025-09-16,2025-09-30,1.94,Liner In
CARG-230,Soybeans,87278,BRSSZ,AEJEA,2025-09-14,2025-09-26,1.3,FIOS
CARG-231,Cement,147016,BRSFS,NGAPP,2025-09-11,2025-09-18,2.39,FIO
CARG-232,Grain,35334,TRISK,EGSUZ,2025-09-12,2025-09-26,2.19,FIO
CARG-233,Sugar,82248,KRPUS,GBFXT,2025-09-07,2025-09-15,1.28,Liner In
CARG-234,Bauxite,45017,BDKHL,VNHPH,2025-09-15,2025-09-20,2.3,Liner Out
CARG-235,Corn,106241,IQUMQ,PKKHI,2025-09-10,2025-09-16,1.86,FIOST
CARG-236,Coal,159158,CNGZG,INMUN,2025-09-21,2025-09-29,2.19,Liner In
CARG-237,Corn,172475,ESLPA,OMSOH,2025-09-17,2025-09-30,2.79,Liner Out
CARG-238,Bauxite,148023,MXVER,INHAL,2025-09-20,2025-10-04,2.59,FIOS
CARG-239,Cement,73508,CAAQW,MRNKC,2025-09-09,2025-09-24,1.17,FIOS
CARG-240,Iron Ore,140083,TRIST,ARBAI,2025-09-12,2025-09-24,1.34,Liner Out
CARG-241,Sugar,156652,GHTEM,THLCH,2025-09-22,2025-09-30,1.21,FIO
CARG-242,Grain,136835,INHAL,ESLPA,2025-09-15,2025-10-02,1.84,Liner Out
CARG-243,Cement,93765,GHTEM,IQUMQ,2025-09-19,2025-09-27,2.32,Liner Out
CARG-244,Soybeans,140713,PECLL,GRPIR,2025-09-03,2025-09-17,1.36,Liner Out
CARG-245,Iron Ore,173962,UYMON,CAAQW,2025-09-17,2025-09-25,1.51,FIOST
CARG-246,Soybeans,153734,IQUMQ,PECLL,2025-09-07,2025-09-18,1.99,FIOST
CARG-247,Coal,153654,CARTG,UAKHE,2025-09-10,2025-09-27,2.11,Liner In
CARG-248,Bauxite,151952,CNTAO,CNGZG,2025-09-08,2025-09-23,1.37,FIO
CARG-249,Fertilizer,99387,MYTPP,GRPIR,2025-09-07,2025-09-14,2.1,Liner Out
CARG-250,Cement,83495,IRBSR,MYTPP,2025-09-04,2025-09-17,1.62,FIOST
CARG-251,Cement,136289,TRISK,IDSUB,2025-09-13,2025-09-22,1.29,FIOS
CARG-252,Corn,151722,VNHPH,DEHAM,2025-09-18,2025-09-23,2.11,Liner In
CARG-253,Iron Ore,31144,ESLPA,JPTYO,2025-09-03,2025-09-18,1.25,Liner In
CARG-254,Corn,41927,ARMDP,CNGZG,2025-09-08,2025-09-23,1.2,Liner Out
CARG-255,Corn,28566,BRSFS,IDSUB,2025-09-09,2025-09-16,2.75,FIOST
CARG-256,Grain,106991,USGDX,VNHPH,2025-09-05,2025-09-10,1.18,FIOST
CARG-257,Corn,48717,INPAR,PKKHI,2025-09-22,2025-10-06,2.1,FIOST
CARG-258,Iron Ore,62679,AUPHE,JPTYO,2025-09-15,2025-10-01,1.69,FIO
CARG-259,Iron Ore,80139,VEPRC,ITGIT,2025-09-19,2025-10-05,2.5,Liner Out
CARG-260,Coal,175128,AUPHE,AEJEA,2025-09-15,2025-09-22,1.25,Liner In
CARG-261,Sugar,81230,AEJEA,SAJED,2025-09-09,2025-09-14,2.1,Liner Out
CARG-262,Corn,57667,ZACPT,PKKHI,2025-09-21,2025-09-29,2.7,Liner In
CARG-263,Coal,148883,THLCH,ZACPT,2025-09-12,2025-09-22,2.79,FIOST
CARG-264,Sugar,136734,ZACPT,BDKHL,2025-09-04,2025-09-22,1.82,FIOS
CARG-265,Fertilizer,67287,SAJED,GBFXT,2025-09-22,2025-10-01,2.48,FIO
CARG-266,Sugar,58055,CARTG,OMSOH,2025-09-02,2025-09-19,2.06,Liner In
CARG-267,Cement,98407,ROMID,GRPIR,2025-09-13,2025-09-26,1.89,Liner In
CARG-268,Grain,146928,VEPRC,USNOL,2025-09-06,2025-09-23,1.94,Liner Out
CARG-269,Iron Ore,80769,MXVER,GRPIR,2025-09-20,2025-10-05,2.1,FIOST
CARG-270,Coal,60978,IDSUB,TRIST,2025-09-20,2025-10-05,1.76,FIOST
CARG-271,Bauxite,75396,BRVIX,TRIST,2025-09-07,2025-09-16,2.25,FIOST
CARG-272,Grain,139647,CNTAO,JPTYO,2025-09-21,2025-09-27,1.88,FIOST
CARG-273,Coal,59140,AUSYD,PECLL,2025-09-22,2025-10-08,2.6,Liner Out
CARG-274,Cement,51532,ROMID,AEJEA,2025-09-06,2025-09-11,1.4,FIO
CARG-275,Fertilizer,132615,GHTEM,USNOL,2025-09-08,2025-09-22,2.69,FIO
CARG-276,Coal,110946,NLRTM,CMLBV,2025-09-03,2025-09-08,2.48,FIO
CARG-277,Bauxite,152720,USNOL,ESLPA,2025-09-13,2025-09-21,2.02,FIO
CARG-278,Fertilizer,81903,CNSHA,INHAL,2025-09-08,2025-09-21,2.22,Liner In
CARG-279,Cement,79264,BRVIX,CARTG,2025-09-02,2025-09-07,1.24,FIOS
CARG-280,Soybeans,159617,CIVRX,SAJED,2025-09-14,2025-09-19,1.29,Liner Out
CARG-281,Fertilizer,95838,SAJED,CAAQW,2025-09-20,2025-10-08,2.3,FIOS
CARG-282,Bauxite,145918,BRVIX,GHTEM,2025-09-20,2025-10-02,1.54,FIOST
CARG-283,Iron Ore,80581,USNYC,BRSSZ,2025-09-03,2025-09-15,1.28,Liner Out
CARG-284,Iron Ore,67431,AUSYD,IQUMQ,2025-09-18,2025-10-01,2.13,FIOST
CARG-285,Fertilizer,79603,ESLPA,BRSFS,2025-09-02,2025-09-09,2.25,FIOST
CARG-286,Sugar,103986,ROMID,UAKHE,2025-09-02,2025-09-20,2.5,FIOS
CARG-287,Cement,100101,CLVAP,NGAPP,2025-09-21,2025-10-01,2.65,FIOST
CARG-288,Fertilizer,118107,VEPRC,QADOH,2025-09-19,2025-09-29,2.0,Liner In
CARG-289,Bauxite,104114,AUMEL,THLCH,2025-09-13,2025-09-27,1.33,Liner In
CARG-290,Sugar,31806,CAAQW,ROMID,2025-09-10,2025-09-15,1.38,Liner In
CARG-291,Soybeans,86450,BRSSZ,GRPIR,2025-09-05,2025-09-19,2.78,Liner Out
CARG-292,Bauxite,154140,CNTAO,OMSOH,2025-09-13,2025-09-20,2.55,FIO
CARG-293,Cement,123880,EGSUZ,TRISK,2025-09-05,2025-09-23,1.23,FIO
CARG-294,Corn,121968,ROMID,AEJEA,2025-09-06,2025-09-22,2.68,FIOS
CARG-295,Bauxite,147760,AUPHE,CNGZG,2025-09-17,2025-09-30,2.42,Liner Out
CARG-296,Cement,69041,GBFXT,ESLPA,2025-09-02,2025-09-17,1.91,FIO
CARG-297,Cement,131726,PECLL,USNOL,2025-09-20,2025-09-28,1.32,FIO
CARG-298,Iron Ore,66789,TRIST,INMUN,2025-09-04,2025-09-23,1.28,FIOS
CARG-299,Cement,160873,INPAR,MYTPP,2025-09-09,2025-09-28,1.11,FIOS
