route_id,load,disch,variant,distance_nm,eca_nm,canal_toll_usd,canal_delay_days,piracy_risk
R0000_DIRECT,INHAL,AUMEL,DIRECT,3962.0,0.0,0,0.0,moderate
R0001_SUEZ,IDSUB,PAONX,SUEZ,1275.0,0.0,400000,0.51,elevated
R0002_DIRECT,NLRTM,CNGZG,DIRECT,1844.0,465.0,0,0.0,low
R0003_DIRECT,PHMNL,ARBAI,DIRECT,12034.0,0.0,0,0.0,low
R0004_SUEZ,CNSHA,INHAL,SUEZ,6757.0,714.0,400000,1.26,moderate
R0005_CAPE,CARTG,USGDX,CAPE,3322.0,120.0,0,0.96,moderate
R0006_DIRECT,AUPHE,VEPRC,DIRECT,10423.0,0.0,0,0.0,moderate
R0007_SUEZ,MYTPP,CAAQW,SUEZ,7423.0,288.0,400000,0.87,moderate
R0008_SUEZ,JPOKA,ESLPA,SUEZ,5579.0,351.0,400000,0.32,low
R0009_CAPE,JPTYO,SAJED,CAPE,8935.0,569.0,0,1.27,moderate
R0010_PANAMA,BRVIX,USNOL,PANAMA,8844.0,179.0,350000,0.35,moderate
R0011_DIRECT,MYTPP,NLRTM,DIRECT,6381.0,660.0,0,0.0,low
R0012_PANAMA,USCHA,SGSIN,PANAMA,13084.0,0.0,350000,1.41,low
R0013_CAPE,BRSSZ,INHAL,CAPE,1157.0,0.0,0,1.46,elevated
R0014_CAPE,BRSFS,VEPRC,CAPE,8154.0,0.0,0,1.32,elevated
R0015_SUEZ,USGDX,ARBAI,SUEZ,8992.0,123.0,400000,0.99,moderate
R0016_DIRECT,CNGZG,IDSUB,DIRECT,10487.0,378.0,0,0.0,low
R0017_CAPE,AUSYD,JPOKA,CAPE,5059.0,295.0,0,1.18,elevated
R0018_PANAMA,CLVAP,USNYC,PANAMA,7031.0,172.0,350000,1.18,low
R0019_CAPE,USCHA,USNYC,CAPE,5917.0,495.0,0,0.59,low
R0020_PANAMA,USCHA,INMUN,PANAMA,10008.0,0.0,350000,0.48,low
R0021_SUEZ,OMSOH,CAAQW,SUEZ,9765.0,380.0,400000,0.39,elevated
R0022_DIRECT,VNHPH,IDSUB,DIRECT,5356.0,0.0,0,0.0,low
R0023_SUEZ,AUSYD,IDSUB,SUEZ,11956.0,0.0,400000,1.44,low
R0024_PANAMA,CNGZG,NLRTM,PANAMA,12506.0,122.0,350000,0.47,low
R0025_SUEZ,INPAR,VEPRC,SUEZ,1616.0,0.0,400000,0.47,moderate
R0026_SUEZ,ESLPA,OMSOH,SUEZ,7784.0,0.0,400000,0.34,moderate
R0027_PANAMA,DEHAM,JPTYO,PANAMA,5858.0,11.0,350000,0.43,low
R0028_CAPE,NLRTM,OMSOH,CAPE,6123.0,424.0,0,0.75,moderate
R0029_PANAMA,BDKHL,ESLPA,PANAMA,1284.0,0.0,350000,0.71,moderate
R0030_CAPE,AUSYD,AEJEA,CAPE,11177.0,0.0,0,0.33,low
R0031_SUEZ,USCHA,PAONX,SUEZ,10930.0,0.0,400000,1.25,elevated
R0032_PANAMA,CNTAO,INPAR,PANAMA,13753.0,0.0,350000,0.83,elevated
R0033_SUEZ,BRVIX,CAAQW,SUEZ,2908.0,13.0,400000,1.49,elevated
R0034_DIRECT,OMSOH,USGDX,DIRECT,5211.0,782.0,0,0.0,elevated
R0035_DIRECT,DEHAM,INMUN,DIRECT,2702.0,756.0,0,0.0,low
R0036_PANAMA,CAAQW,GBFXT,PANAMA,2179.0,402.0,350000,1.42,moderate
R0037_PANAMA,AEJEA,PAONX,PANAMA,4365.0,0.0,350000,1.33,elevated
R0038_CAPE,OMSOH,CLVAP,CAPE,12121.0,0.0,0,0.94,low
R0039_SUEZ,NGAPP,USCHA,SUEZ,3424.0,0.0,400000,0.34,elevated
R0040_SUEZ,EGSUZ,PAONX,SUEZ,9840.0,0.0,400000,1.11,low
R0041_SUEZ,NGAPP,CLVAP,SUEZ,5618.0,0.0,400000,1.16,moderate
R0042_DIRECT,OMSOH,INMUN,DIRECT,12084.0,0.0,0,0.0,moderate
R0043_SUEZ,GBFXT,SGSIN,SUEZ,12701.0,396.0,400000,0.35,moderate
R0044_SUEZ,SAJED,CARTG,SUEZ,10712.0,0.0,400000,1.27,low
R0045_PANAMA,CARTG,BRSFS,PANAMA,8885.0,0.0,350000,1.16,low
R0046_DIRECT,PAONX,KRPUS,DIRECT,3117.0,0.0,0,0.0,moderate
R0047_PANAMA,INHAL,AUSYD,PANAMA,3313.0,0.0,350000,0.32,moderate
R0048_CAPE,USGDX,USCHA,CAPE,1514.0,219.0,0,0.59,low
R0049_DIRECT,AUSYD,USNOL,DIRECT,4632.0,303.0,0,0.0,low
R0050_SUEZ,EGSUZ,NGAPP,SUEZ,5263.0,0.0,400000,0.33,moderate
R0051_CAPE,ESLPA,USGDX,CAPE,10836.0,403.0,0,1.41,moderate
R0052_DIRECT,BDKHL,SAJED,DIRECT,11061.0,0.0,0,0.0,low
R0053_SUEZ,IDSUB,PAONX,SUEZ,12642.0,0.0,400000,1.22,low
R0054_SUEZ,JPTYO,PHMNL,SUEZ,13080.0,616.0,400000,1.49,low
R0055_DIRECT,BRVIX,USNOL,DIRECT,9531.0,616.0,0,0.0,low
R0056_SUEZ,JPOKA,PHMNL,SUEZ,12139.0,331.0,400000,0.63,moderate
R0057_SUEZ,AUMEL,USNOL,SUEZ,6827.0,340.0,400000,0.77,moderate
R0058_CAPE,AUPHE,ARBAI,CAPE,12619.0,0.0,0,0.69,low
R0059_SUEZ,AEJEA,IDSUB,SUEZ,6431.0,0.0,400000,0.9,moderate
R0060_PANAMA,ARBAI,MXVER,PANAMA,8355.0,0.0,350000,1.29,moderate
R0061_CAPE,CAAQW,EGSUZ,CAPE,13607.0,671.0,0,1.46,low
R0062_DIRECT,CLVAP,MXVER,DIRECT,3210.0,0.0,0,0.0,moderate
R0063_CAPE,PHMNL,ITGIT,CAPE,4425.0,0.0,0,0.44,low
R0064_SUEZ,SGSIN,ZACPT,SUEZ,1765.0,0.0,400000,1.28,elevated
R0065_SUEZ,BRSSZ,MYTPP,SUEZ,7659.0,0.0,400000,1.1,low
R0066_SUEZ,CARTG,NGAPP,SUEZ,12631.0,0.0,400000,0.69,elevated
R0067_SUEZ,CLVAP,CARTG,SUEZ,10335.0,0.0,400000,0.49,moderate
R0068_SUEZ,JPTYO,USNOL,SUEZ,6920.0,738.0,400000,0.88,elevated
R0069_CAPE,USCHA,AUMEL,CAPE,2482.0,0.0,0,1.44,moderate
R0070_PANAMA,ITGIT,GRPIR,PANAMA,6882.0,0.0,350000,0.53,moderate
R0071_PANAMA,EGSUZ,SGSIN,PANAMA,4293.0,0.0,350000,0.38,moderate
R0072_PANAMA,BRVIX,MYTPP,PANAMA,5407.0,0.0,350000,0.41,moderate
R0073_CAPE,CNGZG,PHMNL,CAPE,10731.0,256.0,0,0.46,moderate
R0074_CAPE,USCHA,NGAPP,CAPE,4859.0,0.0,0,0.74,moderate
R0075_DIRECT,SAJED,ARBAI,DIRECT,6017.0,0.0,0,0.0,low
R0076_DIRECT,GBFXT,KRPUS,DIRECT,6046.0,427.0,0,0.0,moderate
R0077_PANAMA,GRPIR,PAONX,PANAMA,5925.0,0.0,350000,1.46,low
R0078_SUEZ,INHAL,DEHAM,SUEZ,11318.0,559.0,400000,0.81,elevated
R0079_DIRECT,ARBAI,SAJED,DIRECT,6959.0,0.0,0,0.0,low
R0080_DIRECT,SGSIN,OMSOH,DIRECT,10770.0,0.0,0,0.0,low
R0081_PANAMA,INPAR,USGDX,PANAMA,12302.0,604.0,350000,1.03,moderate
R0082_DIRECT,MYTPP,AUMEL,DIRECT,1474.0,0.0,0,0.0,elevated
R0083_PANAMA,JPOKA,SAJED,PANAMA,12184.0,150.0,350000,0.8,elevated
R0084_PANAMA,AUPHE,GRPIR,PANAMA,3657.0,0.0,350000,1.37,elevated
R0085_SUEZ,USNOL,JPOKA,SUEZ,3597.0,567.0,400000,1.47,low
R0086_PANAMA,CNSHA,MYTPP,PANAMA,4889.0,35.0,350000,1.17,low
R0087_CAPE,BRSFS,BRVIX,CAPE,10483.0,0.0,0,1.21,elevated
R0088_DIRECT,INMUN,ESLPA,DIRECT,6670.0,0.0,0,0.0,moderate
R0089_PANAMA,ITGIT,BDKHL,PANAMA,6605.0,0.0,350000,1.38,low
R0090_DIRECT,CNSHA,PAONX,DIRECT,6001.0,282.0,0,0.0,low
R0091_CAPE,MXVER,CLVAP,CAPE,3269.0,0.0,0,0.9,low
R0092_DIRECT,CNSHA,USCHA,DIRECT,1871.0,64.0,0,0.0,low
R0093_DIRECT,DEHAM,EGSUZ,DIRECT,13818.0,158.0,0,0.0,low
R0094_DIRECT,MYTPP,CARTG,DIRECT,8546.0,0.0,0,0.0,moderate
R0095_SUEZ,NGAPP,ITGIT,SUEZ,2802.0,0.0,400000,1.13,elevated
R0096_PANAMA,ESLPA,AUPHE,PANAMA,8381.0,0.0,350000,0.5,moderate
R0097_SUEZ,JPTYO,ARBAI,SUEZ,10462.0,53.0,400000,1.17,elevated
R0098_SUEZ,CAAQW,AUMEL,SUEZ,2156.0,683.0,400000,0.37,elevated
R0099_SUEZ,IDSUB,BRVIX,SUEZ,8128.0,0.0,400000,1.25,elevated
R0100_SUEZ,INPAR,AUPHE,SUEZ,13858.0,0.0,400000,1.3,moderate
R0101_CAPE,USNYC,MXVER,CAPE,7209.0,548.0,0,1.1,low
R0102_SUEZ,IDSUB,GBFXT,SUEZ,5766.0,262.0,400000,0.85,moderate
R0103_SUEZ,JPTYO,INHAL,SUEZ,4261.0,698.0,400000,0.48,elevated
R0104_CAPE,ESLPA,CNSHA,CAPE,10020.0,120.0,0,0.59,low
R0105_CAPE,MYTPP,AUSYD,CAPE,1614.0,0.0,0,1.48,low
R0106_CAPE,BRVIX,GBFXT,CAPE,1934.0,287.0,0,1.21,elevated
R0107_CAPE,SGSIN,MYTPP,CAPE,8737.0,0.0,0,0.61,low
R0108_PANAMA,EGSUZ,VEPRC,PANAMA,8218.0,0.0,350000,1.25,low
R0109_CAPE,MYTPP,JPTYO,CAPE,12603.0,445.0,0,0.6,moderate
R0110_PANAMA,IDSUB,ITGIT,PANAMA,13115.0,0.0,350000,1.47,low
R0111_SUEZ,INPAR,KRPUS,SUEZ,7987.0,0.0,400000,0.43,elevated
R0112_CAPE,NGAPP,NLRTM,CAPE,1876.0,158.0,0,0.45,moderate
R0113_CAPE,USCHA,VNHPH,CAPE,2260.0,0.0,0,1.17,low
R0114_SUEZ,USGDX,USNOL,SUEZ,9211.0,575.0,400000,1.29,elevated
R0115_PANAMA,IDSUB,AUPHE,PANAMA,5192.0,0.0,350000,1.45,elevated
R0116_PANAMA,MYTPP,ARBAI,PANAMA,6683.0,0.0,350000,1.5,moderate
R0117_PANAMA,INPAR,IDSUB,PANAMA,3631.0,0.0,350000,0.88,elevated
R0118_CAPE,MYTPP,AUSYD,CAPE,6256.0,0.0,0,1.0,low
R0119_PANAMA,MYTPP,ZACPT,PANAMA,10363.0,0.0,350000,1.25,low
R0120_CAPE,BDKHL,CNTAO,CAPE,8881.0,0.0,0,0.63,moderate
R0121_PANAMA,USNOL,AUMEL,PANAMA,12349.0,474.0,350000,0.41,moderate
R0122_SUEZ,ESLPA,CLVAP,SUEZ,11757.0,0.0,400000,1.01,elevated
R0123_CAPE,ITGIT,MYTPP,CAPE,6801.0,0.0,0,1.17,elevated
R0124_CAPE,INHAL,ZACPT,CAPE,1655.0,0.0,0,0.53,moderate
R0125_PANAMA,CLVAP,MXVER,PANAMA,13274.0,0.0,350000,0.58,moderate
R0126_CAPE,USNOL,USCHA,CAPE,11604.0,642.0,0,1.23,moderate
R0127_CAPE,MYTPP,NGAPP,CAPE,8913.0,0.0,0,0.78,elevated
R0128_PANAMA,VEPRC,ARBAI,PANAMA,12488.0,0.0,350000,0.96,elevated
R0129_SUEZ,CNGZG,INHAL,SUEZ,11653.0,546.0,400000,0.34,elevated
R0130_CAPE,USNYC,VNHPH,CAPE,4604.0,750.0,0,1.43,elevated
R0131_SUEZ,ARBAI,PAONX,SUEZ,9350.0,0.0,400000,0.8,elevated
R0132_SUEZ,CARTG,AUMEL,SUEZ,4026.0,0.0,400000,0.47,low
R0133_DIRECT,BRSSZ,PHMNL,DIRECT,8132.0,0.0,0,0.0,elevated
R0134_CAPE,CLVAP,ZACPT,CAPE,5785.0,0.0,0,1.39,moderate
R0135_CAPE,OMSOH,CNSHA,CAPE,12875.0,505.0,0,1.29,low
R0136_PANAMA,SAJED,CNTAO,PANAMA,9976.0,0.0,350000,1.45,moderate
R0137_SUEZ,BRSSZ,USCHA,SUEZ,11159.0,0.0,400000,0.31,low
R0138_PANAMA,INHAL,BDKHL,PANAMA,6681.0,0.0,350000,0.6,moderate
R0139_CAPE,GRPIR,MXVER,CAPE,5879.0,0.0,0,0.51,low
R0140_DIRECT,CNSHA,GRPIR,DIRECT,8063.0,515.0,0,0.0,low
R0141_PANAMA,INPAR,VNHPH,PANAMA,4708.0,0.0,350000,0.33,moderate
R0142_CAPE,GBFXT,NLRTM,CAPE,1403.0,597.0,0,1.11,moderate
R0143_SUEZ,CNSHA,NLRTM,SUEZ,8851.0,80.0,400000,0.35,low
R0144_PANAMA,CNGZG,OMSOH,PANAMA,1205.0,661.0,350000,1.2,elevated
R0145_PANAMA,SAJED,NGAPP,PANAMA,9059.0,0.0,350000,1.33,low
R0146_SUEZ,CARTG,BRSFS,SUEZ,1338.0,0.0,400000,0.39,elevated
R0147_SUEZ,JPOKA,PHMNL,SUEZ,1051.0,133.0,400000,0.7,moderate
R0148_PANAMA,OMSOH,VEPRC,PANAMA,10980.0,0.0,350000,1.08,moderate
R0149_CAPE,AUMEL,AUPHE,CAPE,4840.0,0.0,0,0.41,elevated
R0150_SUEZ,ZACPT,EGSUZ,SUEZ,13359.0,0.0,400000,1.1,elevated
R0151_DIRECT,INHAL,EGSUZ,DIRECT,10795.0,0.0,0,0.0,moderate
R0152_CAPE,MXVER,USNOL,CAPE,4023.0,709.0,0,0.72,moderate
R0153_CAPE,CNGZG,USCHA,CAPE,7407.0,395.0,0,0.63,low
R0154_CAPE,VEPRC,DEHAM,CAPE,11700.0,768.0,0,1.35,elevated
R0155_PANAMA,ZACPT,AUPHE,PANAMA,13114.0,0.0,350000,0.81,elevated
R0156_PANAMA,SGSIN,JPTYO,PANAMA,4751.0,397.0,350000,0.4,moderate
R0157_PANAMA,NLRTM,AUSYD,PANAMA,9192.0,372.0,350000,0.81,elevated
R0158_PANAMA,ESLPA,CNSHA,PANAMA,3579.0,460.0,350000,1.21,elevated
R0159_CAPE,JPTYO,DEHAM,CAPE,4784.0,639.0,0,1.18,elevated
R0160_DIRECT,KRPUS,BRSSZ,DIRECT,13910.0,0.0,0,0.0,elevated
R0161_SUEZ,AEJEA,NLRTM,SUEZ,10680.0,316.0,400000,1.41,low
R0162_SUEZ,EGSUZ,SGSIN,SUEZ,3935.0,0.0,400000,0.78,low
R0163_SUEZ,USCHA,AUSYD,SUEZ,4198.0,0.0,400000,1.27,low
R0164_SUEZ,NGAPP,BRSFS,SUEZ,8473.0,0.0,400000,1.04,low
R0165_SUEZ,SGSIN,INMUN,SUEZ,6182.0,0.0,400000,1.0,moderate
R0166_PANAMA,INHAL,ESLPA,PANAMA,11632.0,0.0,350000,0.71,moderate
R0167_DIRECT,IDSUB,CNGZG,DIRECT,12097.0,466.0,0,0.0,low
R0168_PANAMA,CNGZG,DEHAM,PANAMA,4104.0,409.0,350000,0.61,elevated
R0169_CAPE,CNGZG,CLVAP,CAPE,5957.0,700.0,0,1.48,low
R0170_CAPE,CLVAP,PAONX,CAPE,1418.0,0.0,0,1.34,elevated
R0171_SUEZ,NGAPP,AUMEL,SUEZ,7926.0,0.0,400000,1.27,low
R0172_SUEZ,JPOKA,SGSIN,SUEZ,12602.0,514.0,400000,0.5,moderate
R0173_DIRECT,ESLPA,PHMNL,DIRECT,4214.0,0.0,0,0.0,low
R0174_SUEZ,MXVER,PHMNL,SUEZ,3943.0,0.0,400000,1.49,elevated
R0175_PANAMA,EGSUZ,INPAR,PANAMA,8234.0,0.0,350000,1.27,moderate
R0176_SUEZ,NLRTM,ZACPT,SUEZ,3183.0,109.0,400000,1.24,moderate
R0177_DIRECT,CLVAP,JPOKA,DIRECT,12608.0,239.0,0,0.0,elevated
R0178_PANAMA,SGSIN,VEPRC,PANAMA,4537.0,0.0,350000,0.52,moderate
R0179_PANAMA,OMSOH,ARBAI,PANAMA,10187.0,0.0,350000,0.41,low
R0180_CAPE,DEHAM,AUMEL,CAPE,10943.0,165.0,0,1.24,low
R0181_DIRECT,BDKHL,ZACPT,DIRECT,7461.0,0.0,0,0.0,elevated
R0182_DIRECT,ESLPA,USCHA,DIRECT,11886.0,0.0,0,0.0,elevated
R0183_CAPE,USGDX,SGSIN,CAPE,11368.0,539.0,0,1.14,elevated
R0184_PANAMA,SAJED,SGSIN,PANAMA,12948.0,0.0,350000,0.68,moderate
R0185_SUEZ,BRVIX,USNOL,SUEZ,13282.0,673.0,400000,1.11,moderate
R0186_DIRECT,PAONX,PHMNL,DIRECT,11394.0,0.0,0,0.0,low
R0187_SUEZ,MXVER,AUPHE,SUEZ,10803.0,0.0,400000,1.08,moderate
R0188_SUEZ,INHAL,SAJED,SUEZ,2758.0,0.0,400000,0.42,low
R0189_DIRECT,CARTG,USNOL,DIRECT,5568.0,554.0,0,0.0,low
R0190_SUEZ,NLRTM,JPTYO,SUEZ,13154.0,60.0,400000,1.3,moderate
R0191_CAPE,NGAPP,INMUN,CAPE,13850.0,0.0,0,1.0,elevated
R0192_CAPE,INHAL,CNTAO,CAPE,9833.0,0.0,0,1.5,moderate
R0193_PANAMA,BRSSZ,VNHPH,PANAMA,1797.0,0.0,350000,0.44,moderate
R0194_CAPE,GBFXT,NLRTM,CAPE,10503.0,36.0,0,0.5,low
R0195_DIRECT,CLVAP,VEPRC,DIRECT,10016.0,0.0,0,0.0,moderate
R0196_CAPE,BRVIX,OMSOH,CAPE,4673.0,0.0,0,0.82,moderate
R0197_PANAMA,MYTPP,USNOL,PANAMA,4742.0,765.0,350000,0.36,elevated
R0198_DIRECT,USNYC,PAONX,DIRECT,7048.0,650.0,0,0.0,elevated
R0199_SUEZ,ESLPA,INHAL,SUEZ,3885.0,0.0,400000,0.86,elevated
R0200_CAPE,VEPRC,AUSYD,CAPE,9361.0,0.0,0,0.62,elevated
R0201_CAPE,SAJED,CNTAO,CAPE,1594.0,0.0,0,0.82,low
R0202_SUEZ,SAJED,OMSOH,SUEZ,3723.0,0.0,400000,0.58,low
R0203_SUEZ,PAONX,MYTPP,SUEZ,10978.0,0.0,400000,0.76,elevated
R0204_PANAMA,AEJEA,GBFXT,PANAMA,5171.0,529.0,350000,1.43,elevated
R0205_SUEZ,CAAQW,IDSUB,SUEZ,10721.0,420.0,400000,0.8,low
R0206_CAPE,ESLPA,ITGIT,CAPE,6393.0,0.0,0,0.79,low
R0207_DIRECT,CARTG,CNGZG,DIRECT,13099.0,497.0,0,0.0,low
R0208_CAPE,INMUN,AUPHE,CAPE,4244.0,0.0,0,0.56,low
R0209_PANAMA,PAONX,CARTG,PANAMA,6217.0,0.0,350000,0.3,low
R0210_SUEZ,CLVAP,CARTG,SUEZ,8146.0,0.0,400000,0.96,low
R0211_CAPE,PAONX,GRPIR,CAPE,1315.0,0.0,0,0.43,moderate
R0212_PANAMA,CARTG,JPTYO,PANAMA,13757.0,789.0,350000,1.03,low
R0213_DIRECT,IDSUB,CNSHA,DIRECT,13669.0,498.0,0,0.0,moderate
R0214_SUEZ,AEJEA,SGSIN,SUEZ,13106.0,0.0,400000,1.5,moderate
R0215_CAPE,INPAR,MXVER,CAPE,9434.0,0.0,0,0.37,low
R0216_CAPE,USCHA,EGSUZ,CAPE,10157.0,0.0,0,0.94,moderate
R0217_DIRECT,MXVER,PAONX,DIRECT,6931.0,0.0,0,0.0,low
R0218_SUEZ,NLRTM,PHMNL,SUEZ,1448.0,6.0,400000,1.5,elevated
R0219_DIRECT,AUPHE,JPTYO,DIRECT,9764.0,472.0,0,0.0,moderate
R0220_SUEZ,JPTYO,NLRTM,SUEZ,5747.0,166.0,400000,1.01,moderate
R0221_PANAMA,KRPUS,USCHA,PANAMA,12465.0,0.0,350000,0.87,elevated
R0222_PANAMA,JPOKA,GRPIR,PANAMA,4180.0,178.0,350000,1.48,low
R0223_SUEZ,BRSSZ,CARTG,SUEZ,3192.0,0.0,400000,0.8,moderate
R0224_PANAMA,CARTG,GRPIR,PANAMA,13450.0,0.0,350000,0.48,elevated
R0225_CAPE,AUMEL,USNOL,CAPE,2923.0,269.0,0,0.92,moderate
R0226_PANAMA,KRPUS,MXVER,PANAMA,4223.0,0.0,350000,1.26,low
R0227_PANAMA,BRSFS,CNGZG,PANAMA,2310.0,434.0,350000,0.61,elevated
R0228_CAPE,GRPIR,PAONX,CAPE,8460.0,0.0,0,0.86,low
R0229_CAPE,CLVAP,VEPRC,CAPE,2666.0,0.0,0,0.91,low
R0230_DIRECT,AUSYD,EGSUZ,DIRECT,10230.0,0.0,0,0.0,moderate
R0231_SUEZ,JPTYO,CNSHA,SUEZ,8977.0,485.0,400000,0.42,elevated
R0232_CAPE,VEPRC,ARBAI,CAPE,1789.0,0.0,0,0.49,low
R0233_CAPE,SAJED,ESLPA,CAPE,11281.0,0.0,0,0.67,elevated
R0234_CAPE,BRSFS,SGSIN,CAPE,7148.0,0.0,0,0.55,moderate
R0235_CAPE,CNGZG,AUMEL,CAPE,2275.0,196.0,0,1.01,moderate
R0236_PANAMA,IDSUB,DEHAM,PANAMA,11067.0,64.0,350000,0.43,low
R0237_CAPE,MYTPP,VNHPH,CAPE,4808.0,0.0,0,1.21,low
R0238_CAPE,OMSOH,JPTYO,CAPE,10216.0,261.0,0,0.41,low
R0239_PANAMA,OMSOH,USCHA,PANAMA,6112.0,0.0,350000,0.87,moderate
R0240_SUEZ,MYTPP,USNOL,SUEZ,2837.0,482.0,400000,1.33,low
R0241_DIRECT,CNGZG,GBFXT,DIRECT,11269.0,203.0,0,0.0,moderate
R0242_PANAMA,NLRTM,NGAPP,PANAMA,10179.0,147.0,350000,0.31,elevated
R0243_CAPE,CNSHA,MYTPP,CAPE,5936.0,358.0,0,1.22,low
R0244_SUEZ,IDSUB,NGAPP,SUEZ,6993.0,0.0,400000,1.4,elevated
R0245_DIRECT,BDKHL,CNTAO,DIRECT,12525.0,0.0,0,0.0,moderate
R0246_CAPE,CNGZG,PHMNL,CAPE,8990.0,121.0,0,1.04,elevated
R0247_PANAMA,AUMEL,INPAR,PANAMA,4509.0,0.0,350000,0.83,low
R0248_DIRECT,NLRTM,CARTG,DIRECT,5861.0,328.0,0,0.0,elevated
R0249_SUEZ,CNGZG,OMSOH,SUEZ,10511.0,771.0,400000,0.32,low
R0250_DIRECT,ARBAI,PHMNL,DIRECT,12298.0,0.0,0,0.0,elevated
R0251_PANAMA,CNGZG,AUPHE,PANAMA,8942.0,178.0,350000,0.62,low
R0252_CAPE,CARTG,ESLPA,CAPE,11152.0,0.0,0,0.68,moderate
R0253_PANAMA,USCHA,IDSUB,PANAMA,6897.0,0.0,350000,1.4,elevated
R0254_SUEZ,AUPHE,NGAPP,SUEZ,12053.0,0.0,400000,0.86,elevated
R0255_SUEZ,BRSFS,USNYC,SUEZ,2086.0,136.0,400000,0.61,low
R0256_PANAMA,USNYC,USCHA,PANAMA,13472.0,541.0,350000,1.07,low
R0257_DIRECT,MYTPP,IDSUB,DIRECT,9404.0,0.0,0,0.0,moderate
R0258_SUEZ,USNYC,BRVIX,SUEZ,4317.0,361.0,400000,1.09,low
R0259_PANAMA,JPTYO,INMUN,PANAMA,3073.0,218.0,350000,0.62,elevated
R0260_CAPE,CNTAO,CLVAP,CAPE,5306.0,0.0,0,0.53,low
R0261_DIRECT,JPTYO,OMSOH,DIRECT,8043.0,551.0,0,0.0,low
R0262_PANAMA,USNYC,JPOKA,PANAMA,12714.0,577.0,350000,0.35,moderate
R0263_DIRECT,USNOL,INHAL,DIRECT,11960.0,622.0,0,0.0,moderate
R0264_SUEZ,NGAPP,BRVIX,SUEZ,3249.0,0.0,400000,0.38,low
R0265_PANAMA,CAAQW,GBFXT,PANAMA,9313.0,687.0,350000,1.15,low
R0266_SUEZ,VEPRC,DEHAM,SUEZ,8781.0,149.0,400000,0.45,low
R0267_DIRECT,INPAR,ZACPT,DIRECT,1913.0,0.0,0,0.0,elevated
R0268_DIRECT,USCHA,VNHPH,DIRECT,13769.0,0.0,0,0.0,low
R0269_PANAMA,PAONX,USNYC,PANAMA,10294.0,77.0,350000,1.13,low
R0270_SUEZ,ARBAI,VEPRC,SUEZ,8854.0,0.0,400000,1.11,low
R0271_PANAMA,CAAQW,CLVAP,PANAMA,13800.0,694.0,350000,0.35,moderate
R0272_PANAMA,JPOKA,NGAPP,PANAMA,7594.0,393.0,350000,0.61,low
R0273_DIRECT,AUSYD,USCHA,DIRECT,1750.0,0.0,0,0.0,elevated
R0274_PANAMA,JPOKA,USCHA,PANAMA,2863.0,21.0,350000,0.53,elevated
R0275_PANAMA,DEHAM,NLRTM,PANAMA,10099.0,444.0,350000,0.77,low
R0276_PANAMA,SGSIN,USNOL,PANAMA,13113.0,733.0,350000,1.41,low
R0277_SUEZ,IDSUB,PAONX,SUEZ,13067.0,0.0,400000,0.3,elevated
R0278_PANAMA,ARBAI,NLRTM,PANAMA,2240.0,633.0,350000,1.14,low
R0279_PANAMA,ZACPT,CAAQW,PANAMA,2904.0,10.0,350000,0.73,elevated
R0280_PANAMA,DEHAM,PHMNL,PANAMA,4565.0,556.0,350000,1.21,low
R0281_PANAMA,VEPRC,BDKHL,PANAMA,11502.0,0.0,350000,0.53,elevated
R0282_DIRECT,CNGZG,DEHAM,DIRECT,6712.0,415.0,0,0.0,moderate
R0283_DIRECT,NGAPP,USNOL,DIRECT,3135.0,763.0,0,0.0,low
R0284_PANAMA,DEHAM,NLRTM,PANAMA,5187.0,735.0,350000,0.98,moderate
R0285_PANAMA,BDKHL,AUPHE,PANAMA,2493.0,0.0,350000,0.71,elevated
R0286_DIRECT,DEHAM,PHMNL,DIRECT,7143.0,442.0,0,0.0,elevated
R0287_DIRECT,AEJEA,USNYC,DIRECT,7357.0,643.0,0,0.0,elevated
R0288_DIRECT,USGDX,USNOL,DIRECT,8349.0,63.0,0,0.0,low
R0289_SUEZ,BRVIX,MXVER,SUEZ,1933.0,0.0,400000,0.71,low
R0290_SUEZ,NLRTM,ARBAI,SUEZ,10924.0,768.0,400000,0.47,low
R0291_PANAMA,USCHA,ITGIT,PANAMA,9342.0,0.0,350000,1.14,elevated
R0292_DIRECT,AUSYD,SAJED,DIRECT,7934.0,0.0,0,0.0,moderate
R0293_DIRECT,USNYC,ITGIT,DIRECT,9640.0,221.0,0,0.0,moderate
R0294_DIRECT,PAONX,USNOL,DIRECT,9304.0,337.0,0,0.0,low
R0295_SUEZ,BRVIX,CNTAO,SUEZ,6634.0,0.0,400000,1.16,moderate
R0296_DIRECT,JPOKA,MYTPP,DIRECT,7331.0,605.0,0,0.0,moderate
R0297_DIRECT,CAAQW,USNYC,DIRECT,7230.0,754.0,0,0.0,low
R0298_DIRECT,GRPIR,INMUN,DIRECT,13992.0,0.0,0,0.0,low
R0299_DIRECT,GRPIR,JPTYO,DIRECT,1805.0,480.0,0,0.0,low
R0300_PANAMA,USGDX,ITGIT,PANAMA,13180.0,234.0,350000,1.04,elevated
R0301_DIRECT,INPAR,SAJED,DIRECT,10587.0,0.0,0,0.0,elevated
R0302_CAPE,USNOL,USGDX,CAPE,1162.0,641.0,0,1.15,low
R0303_SUEZ,AEJEA,SGSIN,SUEZ,12009.0,0.0,400000,1.32,elevated
R0304_SUEZ,AUPHE,INHAL,SUEZ,13274.0,0.0,400000,0.33,low
R0305_SUEZ,USGDX,GBFXT,SUEZ,5767.0,707.0,400000,0.93,low
R0306_PANAMA,BDKHL,DEHAM,PANAMA,5422.0,83.0,350000,0.49,moderate
R0307_CAPE,PHMNL,JPTYO,CAPE,9735.0,619.0,0,1.01,elevated
R0308_CAPE,GRPIR,EGSUZ,CAPE,2509.0,0.0,0,0.69,low
R0309_PANAMA,VEPRC,BRVIX,PANAMA,5632.0,0.0,350000,0.88,moderate
R0310_DIRECT,KRPUS,SGSIN,DIRECT,5135.0,0.0,0,0.0,elevated
R0311_SUEZ,GRPIR,DEHAM,SUEZ,8754.0,555.0,400000,0.7,low
R0312_DIRECT,CNGZG,GRPIR,DIRECT,6734.0,29.0,0,0.0,low
R0313_PANAMA,AUPHE,PAONX,PANAMA,3121.0,0.0,350000,0.81,moderate
R0314_SUEZ,CNSHA,BRSSZ,SUEZ,6914.0,693.0,400000,0.64,elevated
R0315_DIRECT,USNYC,INPAR,DIRECT,8239.0,548.0,0,0.0,moderate
R0316_DIRECT,USNYC,SGSIN,DIRECT,6711.0,111.0,0,0.0,elevated
R0317_DIRECT,GBFXT,EGSUZ,DIRECT,13663.0,592.0,0,0.0,moderate
R0318_DIRECT,AUMEL,USCHA,DIRECT,2432.0,0.0,0,0.0,low
R0319_CAPE,KRPUS,INPAR,CAPE,1895.0,0.0,0,0.93,moderate
R0320_SUEZ,BRSFS,INPAR,SUEZ,11563.0,0.0,400000,0.6,elevated
R0321_PANAMA,INHAL,AUPHE,PANAMA,2311.0,0.0,350000,0.46,elevated
R0322_PANAMA,SAJED,INHAL,PANAMA,4894.0,0.0,350000,1.04,low
R0323_CAPE,ESLPA,ARBAI,CAPE,1745.0,0.0,0,1.33,low
R0324_SUEZ,ZACPT,INPAR,SUEZ,6234.0,0.0,400000,0.93,moderate
R0325_CAPE,KRPUS,MXVER,CAPE,12420.0,0.0,0,1.29,elevated
R0326_SUEZ,SGSIN,JPOKA,SUEZ,13800.0,450.0,400000,0.39,moderate
R0327_DIRECT,PAONX,NLRTM,DIRECT,5190.0,477.0,0,0.0,moderate
R0328_CAPE,ITGIT,GBFXT,CAPE,1526.0,269.0,0,1.35,low
R0329_SUEZ,ZACPT,BRSSZ,SUEZ,10835.0,0.0,400000,1.29,low
R0330_DIRECT,BRVIX,JPTYO,DIRECT,1013.0,793.0,0,0.0,moderate
R0331_CAPE,BRVIX,CNTAO,CAPE,13188.0,0.0,0,0.32,low
R0332_SUEZ,BDKHL,USGDX,SUEZ,11264.0,601.0,400000,0.65,moderate
R0333_SUEZ,BRSSZ,USNOL,SUEZ,9056.0,773.0,400000,0.67,moderate
R0334_SUEZ,PHMNL,OMSOH,SUEZ,8180.0,0.0,400000,0.96,moderate
R0335_CAPE,JPTYO,EGSUZ,CAPE,11747.0,451.0,0,1.42,moderate
R0336_CAPE,OMSOH,DEHAM,CAPE,11898.0,600.0,0,1.14,elevated
R0337_DIRECT,SGSIN,ESLPA,DIRECT,10700.0,0.0,0,0.0,elevated
R0338_CAPE,INPAR,CNSHA,CAPE,1032.0,103.0,0,1.03,moderate
R0339_CAPE,AUSYD,MYTPP,CAPE,10322.0,0.0,0,0.77,elevated
R0340_SUEZ,EGSUZ,AUMEL,SUEZ,8417.0,0.0,400000,1.07,moderate
R0341_SUEZ,BRSSZ,CAAQW,SUEZ,8372.0,545.0,400000,1.27,elevated
R0342_DIRECT,OMSOH,DEHAM,DIRECT,10194.0,777.0,0,0.0,elevated
R0343_PANAMA,CAAQW,OMSOH,PANAMA,10820.0,435.0,350000,0.51,elevated
R0344_CAPE,BDKHL,VNHPH,CAPE,12287.0,0.0,0,0.76,moderate
R0345_DIRECT,USNOL,PHMNL,DIRECT,6620.0,123.0,0,0.0,elevated
R0346_CAPE,NGAPP,AUSYD,CAPE,1633.0,0.0,0,0.87,moderate
R0347_CAPE,PAONX,BRSSZ,CAPE,10167.0,0.0,0,0.57,low
R0348_SUEZ,JPTYO,CNSHA,SUEZ,4947.0,709.0,400000,0.95,low
R0349_SUEZ,OMSOH,AUPHE,SUEZ,5290.0,0.0,400000,0.88,moderate
R0350_SUEZ,PAONX,USNYC,SUEZ,12076.0,275.0,400000,0.96,low
R0351_CAPE,AUMEL,MXVER,CAPE,4802.0,0.0,0,0.9,low
R0352_PANAMA,SAJED,USCHA,PANAMA,7686.0,0.0,350000,0.9,moderate
R0353_CAPE,JPTYO,USGDX,CAPE,3398.0,689.0,0,1.27,low
R0354_DIRECT,BRSSZ,INPAR,DIRECT,4988.0,0.0,0,0.0,elevated
R0355_SUEZ,PAONX,IDSUB,SUEZ,4992.0,0.0,400000,0.69,elevated
R0356_PANAMA,EGSUZ,MYTPP,PANAMA,4337.0,0.0,350000,0.39,elevated
R0357_SUEZ,IDSUB,BRVIX,SUEZ,11296.0,0.0,400000,1.17,moderate
R0358_DIRECT,EGSUZ,USCHA,DIRECT,6076.0,0.0,0,0.0,elevated
R0359_CAPE,INMUN,IDSUB,CAPE,4804.0,0.0,0,0.69,moderate
R0360_SUEZ,PHMNL,ESLPA,SUEZ,1577.0,0.0,400000,1.34,low
R0361_SUEZ,CAAQW,IDSUB,SUEZ,13367.0,104.0,400000,0.64,low
R0362_CAPE,BRSSZ,INHAL,CAPE,13162.0,0.0,0,0.47,low
R0363_DIRECT,NLRTM,BRSSZ,DIRECT,3586.0,525.0,0,0.0,low
R0364_CAPE,EGSUZ,GRPIR,CAPE,12573.0,0.0,0,1.13,moderate
R0365_SUEZ,OMSOH,MYTPP,SUEZ,3077.0,0.0,400000,1.46,elevated
R0366_DIRECT,CNTAO,INPAR,DIRECT,6862.0,0.0,0,0.0,low
R0367_CAPE,PHMNL,EGSUZ,CAPE,8288.0,0.0,0,1.11,elevated
R0368_CAPE,CNGZG,BRSFS,CAPE,2383.0,333.0,0,1.02,low
R0369_CAPE,USNYC,INMUN,CAPE,1804.0,644.0,0,0.56,moderate
R0370_DIRECT,INPAR,SAJED,DIRECT,1393.0,0.0,0,0.0,low
R0371_CAPE,CNGZG,PHMNL,CAPE,1673.0,311.0,0,0.72,elevated
R0372_CAPE,NLRTM,GBFXT,CAPE,4865.0,163.0,0,0.67,elevated
R0373_DIRECT,VNHPH,ESLPA,DIRECT,2078.0,0.0,0,0.0,moderate
R0374_DIRECT,AUPHE,AEJEA,DIRECT,1745.0,0.0,0,0.0,elevated
R0375_PANAMA,ESLPA,USCHA,PANAMA,12570.0,0.0,350000,0.59,low
R0376_CAPE,AEJEA,NLRTM,CAPE,2672.0,288.0,0,0.99,low
R0377_SUEZ,NGAPP,AUMEL,SUEZ,4851.0,0.0,400000,1.25,low
R0378_SUEZ,AUPHE,VNHPH,SUEZ,8430.0,0.0,400000,0.36,low
R0379_SUEZ,GBFXT,ARBAI,SUEZ,3223.0,148.0,400000,0.88,elevated
R0380_PANAMA,IDSUB,USNOL,PANAMA,13380.0,31.0,350000,0.76,moderate
R0381_PANAMA,CNSHA,NLRTM,PANAMA,2199.0,339.0,350000,1.2,elevated
R0382_DIRECT,DEHAM,ITGIT,DIRECT,1322.0,707.0,0,0.0,low
R0383_PANAMA,USGDX,AEJEA,PANAMA,8463.0,122.0,350000,0.37,elevated
R0384_CAPE,GRPIR,CNGZG,CAPE,6707.0,607.0,0,1.34,elevated
R0385_CAPE,JPOKA,CAAQW,CAPE,10807.0,584.0,0,1.3,elevated
R0386_DIRECT,EGSUZ,PHMNL,DIRECT,7178.0,0.0,0,0.0,elevated
R0387_SUEZ,CNTAO,SGSIN,SUEZ,12063.0,0.0,400000,1.28,low
R0388_PANAMA,VNHPH,PHMNL,PANAMA,4236.0,0.0,350000,1.21,elevated
R0389_PANAMA,JPTYO,SAJED,PANAMA,12790.0,134.0,350000,0.99,moderate
R0390_CAPE,CAAQW,JPOKA,CAPE,10422.0,169.0,0,0.83,low
R0391_PANAMA,INMUN,BDKHL,PANAMA,12134.0,0.0,350000,0.41,elevated
R0392_CAPE,JPOKA,USNOL,CAPE,12393.0,68.0,0,0.54,low
R0393_CAPE,ITGIT,IDSUB,CAPE,6860.0,0.0,0,0.86,low
R0394_DIRECT,ZACPT,NGAPP,DIRECT,4616.0,0.0,0,0.0,low
R0395_SUEZ,NLRTM,BRSFS,SUEZ,13846.0,199.0,400000,0.41,moderate
R0396_DIRECT,ARBAI,BDKHL,DIRECT,7663.0,0.0,0,0.0,elevated
R0397_CAPE,GRPIR,ESLPA,CAPE,9198.0,0.0,0,1.45,moderate
R0398_SUEZ,EGSUZ,KRPUS,SUEZ,11302.0,0.0,400000,1.15,elevated
R0399_CAPE,CNTAO,INPAR,CAPE,10854.0,0.0,0,0.4,low
R0400_SUEZ,AUSYD,INPAR,SUEZ,3940.0,0.0,400000,1.41,elevated
R0401_SUEZ,INHAL,VEPRC,SUEZ,2662.0,0.0,400000,1.14,elevated
R0402_CAPE,BRSSZ,ESLPA,CAPE,1303.0,0.0,0,0.97,low
R0403_CAPE,MXVER,CARTG,CAPE,9436.0,0.0,0,0.8,moderate
R0404_DIRECT,DEHAM,BRSSZ,DIRECT,3686.0,143.0,0,0.0,low
R0405_PANAMA,DEHAM,ITGIT,PANAMA,3047.0,749.0,350000,1.06,moderate
R0406_CAPE,NLRTM,PHMNL,CAPE,2788.0,345.0,0,0.37,moderate
R0407_SUEZ,ITGIT,SGSIN,SUEZ,6562.0,0.0,400000,1.12,low
R0408_DIRECT,BDKHL,AUMEL,DIRECT,9161.0,0.0,0,0.0,elevated
R0409_PANAMA,SGSIN,SAJED,PANAMA,10398.0,0.0,350000,0.62,moderate
R0410_PANAMA,CARTG,GRPIR,PANAMA,9117.0,0.0,350000,1.05,elevated
R0411_SUEZ,BDKHL,INMUN,SUEZ,7112.0,0.0,400000,0.83,low
R0412_SUEZ,JPTYO,PAONX,SUEZ,11335.0,514.0,400000,1.12,low
R0413_CAPE,DEHAM,INHAL,CAPE,8906.0,586.0,0,0.91,low
R0414_PANAMA,CNTAO,JPOKA,PANAMA,4683.0,293.0,350000,0.63,low
R0415_DIRECT,AUMEL,AEJEA,DIRECT,8850.0,0.0,0,0.0,low
R0416_SUEZ,PHMNL,NGAPP,SUEZ,10181.0,0.0,400000,0.86,moderate
R0417_SUEZ,PHMNL,USGDX,SUEZ,9787.0,259.0,400000,1.44,low
R0418_PANAMA,SGSIN,GBFXT,PANAMA,9061.0,163.0,350000,0.74,low
R0419_CAPE,CLVAP,INMUN,CAPE,2558.0,0.0,0,0.79,moderate
R0420_CAPE,BRSSZ,VEPRC,CAPE,1260.0,0.0,0,1.16,elevated
R0421_SUEZ,EGSUZ,SAJED,SUEZ,10268.0,0.0,400000,1.47,elevated
R0422_CAPE,ESLPA,BRVIX,CAPE,12042.0,0.0,0,0.61,elevated
R0423_PANAMA,INHAL,BRSFS,PANAMA,9623.0,0.0,350000,0.93,moderate
R0424_DIRECT,AUSYD,USCHA,DIRECT,5044.0,0.0,0,0.0,moderate
R0425_DIRECT,AUPHE,EGSUZ,DIRECT,3500.0,0.0,0,0.0,moderate
R0426_DIRECT,JPOKA,PHMNL,DIRECT,7894.0,535.0,0,0.0,elevated
R0427_PANAMA,NGAPP,USNOL,PANAMA,12456.0,409.0,350000,1.28,moderate
R0428_PANAMA,BRVIX,INMUN,PANAMA,6023.0,0.0,350000,0.67,elevated
R0429_PANAMA,EGSUZ,PAONX,PANAMA,8083.0,0.0,350000,0.82,moderate
R0430_SUEZ,INPAR,ESLPA,SUEZ,5498.0,0.0,400000,0.55,elevated
R0431_CAPE,BRSFS,ITGIT,CAPE,7976.0,0.0,0,0.47,elevated
R0432_DIRECT,USNOL,USCHA,DIRECT,8619.0,29.0,0,0.0,moderate
R0433_SUEZ,CNSHA,INPAR,SUEZ,4426.0,398.0,400000,1.08,moderate
R0434_CAPE,USNOL,BDKHL,CAPE,3414.0,142.0,0,1.03,low
R0435_DIRECT,VEPRC,ESLPA,DIRECT,3727.0,0.0,0,0.0,elevated
R0436_SUEZ,AUMEL,AUPHE,SUEZ,6530.0,0.0,400000,1.43,low
R0437_PANAMA,USNYC,VNHPH,PANAMA,1896.0,758.0,350000,1.49,low
R0438_PANAMA,USNOL,CNGZG,PANAMA,5102.0,219.0,350000,1.13,moderate
R0439_SUEZ,USNYC,CARTG,SUEZ,2175.0,346.0,400000,0.49,moderate
R0440_CAPE,ARBAI,MXVER,CAPE,2885.0,0.0,0,0.54,elevated
R0441_DIRECT,MYTPP,INHAL,DIRECT,3630.0,0.0,0,0.0,elevated
R0442_SUEZ,CNGZG,MXVER,SUEZ,9474.0,465.0,400000,0.83,moderate
R0443_DIRECT,ESLPA,USGDX,DIRECT,5837.0,176.0,0,0.0,low
R0444_CAPE,INMUN,CARTG,CAPE,13951.0,0.0,0,0.81,elevated
R0445_DIRECT,JPOKA,CAAQW,DIRECT,5206.0,11.0,0,0.0,low
R0446_DIRECT,CNGZG,USNOL,DIRECT,5416.0,573.0,0,0.0,moderate
R0447_DIRECT,GBFXT,CLVAP,DIRECT,12074.0,431.0,0,0.0,moderate
R0448_SUEZ,VEPRC,SGSIN,SUEZ,2982.0,0.0,400000,1.03,moderate
R0449_CAPE,DEHAM,MXVER,CAPE,3241.0,452.0,0,0.35,low
R0450_CAPE,NLRTM,SGSIN,CAPE,6886.0,177.0,0,1.17,low
R0451_CAPE,PAONX,USGDX,CAPE,5093.0,758.0,0,1.26,moderate
R0452_PANAMA,AEJEA,CNGZG,PANAMA,7240.0,284.0,350000,0.91,moderate
R0453_DIRECT,AUPHE,VNHPH,DIRECT,8100.0,0.0,0,0.0,elevated
R0454_PANAMA,ARBAI,EGSUZ,PANAMA,12009.0,0.0,350000,1.29,low
R0455_DIRECT,BRSFS,NGAPP,DIRECT,10796.0,0.0,0,0.0,elevated
R0456_PANAMA,CNGZG,USCHA,PANAMA,4377.0,293.0,350000,0.62,moderate
R0457_PANAMA,NLRTM,USGDX,PANAMA,13345.0,359.0,350000,0.96,low
R0458_SUEZ,AUSYD,CNGZG,SUEZ,4809.0,640.0,400000,0.77,elevated
R0459_DIRECT,USCHA,INPAR,DIRECT,10148.0,0.0,0,0.0,elevated
R0460_PANAMA,MYTPP,OMSOH,PANAMA,11259.0,0.0,350000,1.13,low
R0461_SUEZ,DEHAM,PHMNL,SUEZ,3353.0,336.0,400000,1.08,elevated
R0462_SUEZ,CLVAP,CAAQW,SUEZ,6286.0,125.0,400000,0.99,low
R0463_SUEZ,USNYC,CNTAO,SUEZ,5803.0,248.0,400000,1.18,moderate
R0464_DIRECT,INMUN,SAJED,DIRECT,8011.0,0.0,0,0.0,elevated
R0465_DIRECT,MXVER,CNSHA,DIRECT,3316.0,612.0,0,0.0,moderate
R0466_DIRECT,AUSYD,SGSIN,DIRECT,3851.0,0.0,0,0.0,low
R0467_PANAMA,ITGIT,ESLPA,PANAMA,9083.0,0.0,350000,1.39,moderate
R0468_SUEZ,AEJEA,DEHAM,SUEZ,8276.0,76.0,400000,1.39,moderate
R0469_CAPE,ITGIT,CAAQW,CAPE,10462.0,257.0,0,0.92,moderate
R0470_SUEZ,CNSHA,AUSYD,SUEZ,7504.0,472.0,400000,0.62,elevated
R0471_SUEZ,VNHPH,ZACPT,SUEZ,5134.0,0.0,400000,1.44,moderate
R0472_SUEZ,SAJED,PHMNL,SUEZ,6008.0,0.0,400000,0.48,elevated
R0473_CAPE,CAAQW,BRVIX,CAPE,7231.0,585.0,0,1.39,moderate
R0474_DIRECT,CNTAO,VNHPH,DIRECT,7634.0,0.0,0,0.0,moderate
R0475_CAPE,ZACPT,INPAR,CAPE,7540.0,0.0,0,1.15,low
R0476_CAPE,CLVAP,PHMNL,CAPE,7877.0,0.0,0,0.76,moderate
R0477_DIRECT,INHAL,BRVIX,DIRECT,4318.0,0.0,0,0.0,low
R0478_CAPE,USNOL,JPTYO,CAPE,6404.0,350.0,0,0.95,moderate
R0479_DIRECT,INMUN,NLRTM,DIRECT,8551.0,726.0,0,0.0,low
R0480_PANAMA,BRVIX,USGDX,PANAMA,3696.0,688.0,350000,0.64,moderate
R0481_DIRECT,ITGIT,INHAL,DIRECT,9304.0,0.0,0,0.0,low
R0482_PANAMA,JPTYO,BRSSZ,PANAMA,7974.0,565.0,350000,1.45,moderate
R0483_CAPE,OMSOH,ITGIT,CAPE,4836.0,0.0,0,0.97,elevated
R0484_PANAMA,GRPIR,CNSHA,PANAMA,9502.0,102.0,350000,1.17,elevated
R0485_CAPE,AUPHE,PAONX,CAPE,7296.0,0.0,0,1.27,moderate
R0486_CAPE,CNGZG,USNOL,CAPE,1905.0,579.0,0,0.4,low
R0487_SUEZ,INPAR,PAONX,SUEZ,11867.0,0.0,400000,0.92,elevated
R0488_CAPE,CARTG,BRSFS,CAPE,3275.0,0.0,0,0.55,elevated
R0489_PANAMA,USNOL,USGDX,PANAMA,2376.0,601.0,350000,1.2,low
R0490_PANAMA,ESLPA,VEPRC,PANAMA,6834.0,0.0,350000,1.14,low
R0491_DIRECT,NLRTM,VEPRC,DIRECT,6842.0,454.0,0,0.0,low
R0492_DIRECT,VEPRC,USGDX,DIRECT,1925.0,548.0,0,0.0,elevated
R0493_SUEZ,INMUN,USNYC,SUEZ,1183.0,175.0,400000,0.48,elevated
R0494_CAPE,SGSIN,AUPHE,CAPE,3294.0,0.0,0,0.61,moderate
R0495_PANAMA,SAJED,IDSUB,PANAMA,1426.0,0.0,350000,1.23,moderate
R0496_CAPE,JPTYO,ARBAI,CAPE,5996.0,524.0,0,0.94,low
R0497_SUEZ,AUMEL,CNTAO,SUEZ,11766.0,0.0,400000,0.91,low
R0498_SUEZ,JPOKA,INHAL,SUEZ,12108.0,640.0,400000,0.53,low
R0499_DIRECT,DEHAM,BRSSZ,DIRECT,2948.0,425.0,0,0.0,low
R0500_PANAMA,BRSSZ,AUMEL,PANAMA,1396.0,0.0,350000,1.45,low
R0501_CAPE,USCHA,INMUN,CAPE,13469.0,0.0,0,0.64,elevated
R0502_SUEZ,INPAR,PHMNL,SUEZ,7654.0,0.0,400000,1.28,elevated
R0503_CAPE,AEJEA,SGSIN,CAPE,10840.0,0.0,0,0.87,moderate
R0504_CAPE,CARTG,PHMNL,CAPE,3751.0,0.0,0,0.79,elevated
R0505_PANAMA,BRVIX,USNYC,PANAMA,4758.0,284.0,350000,0.31,moderate
R0506_CAPE,CARTG,CNTAO,CAPE,12656.0,0.0,0,1.39,low
R0507_PANAMA,PAONX,MXVER,PANAMA,13926.0,0.0,350000,0.4,elevated
R0508_PANAMA,ARBAI,GBFXT,PANAMA,8669.0,356.0,350000,0.78,low
R0509_PANAMA,BDKHL,CLVAP,PANAMA,7930.0,0.0,350000,0.87,low
R0510_PANAMA,JPOKA,NLRTM,PANAMA,5554.0,443.0,350000,0.45,elevated
R0511_PANAMA,CLVAP,BRSSZ,PANAMA,13220.0,0.0,350000,0.92,low
R0512_SUEZ,PHMNL,AUMEL,SUEZ,11657.0,0.0,400000,1.04,low
R0513_CAPE,BRSSZ,OMSOH,CAPE,11242.0,0.0,0,0.78,low
R0514_PANAMA,MYTPP,AUSYD,PANAMA,9041.0,0.0,350000,0.54,moderate
R0515_PANAMA,ARBAI,BRSFS,PANAMA,1764.0,0.0,350000,1.31,low
R0516_SUEZ,ESLPA,USCHA,SUEZ,13216.0,0.0,400000,0.87,low
R0517_DIRECT,ARBAI,BRVIX,DIRECT,1914.0,0.0,0,0.0,low
R0518_CAPE,USNYC,BRVIX,CAPE,11551.0,455.0,0,0.45,moderate
R0519_CAPE,USGDX,CARTG,CAPE,10493.0,702.0,0,1.22,moderate
R0520_CAPE,INHAL,JPOKA,CAPE,3378.0,42.0,0,1.09,elevated
R0521_CAPE,ARBAI,INPAR,CAPE,9990.0,0.0,0,0.68,elevated
R0522_CAPE,JPTYO,INPAR,CAPE,4156.0,783.0,0,1.09,elevated
R0523_SUEZ,SAJED,PAONX,SUEZ,2536.0,0.0,400000,1.01,moderate
R0524_CAPE,AEJEA,MXVER,CAPE,4692.0,0.0,0,0.91,moderate
R0525_DIRECT,USGDX,CARTG,DIRECT,8677.0,579.0,0,0.0,low
R0526_CAPE,JPOKA,VEPRC,CAPE,1341.0,180.0,0,0.68,elevated
R0527_CAPE,ESLPA,INHAL,CAPE,11946.0,0.0,0,0.66,moderate
R0528_PANAMA,INHAL,MXVER,PANAMA,8566.0,0.0,350000,1.21,elevated
R0529_SUEZ,VEPRC,GBFXT,SUEZ,9494.0,144.0,400000,0.83,low
R0530_PANAMA,VNHPH,AEJEA,PANAMA,11118.0,0.0,350000,1.2,low
R0531_SUEZ,INHAL,BDKHL,SUEZ,4551.0,0.0,400000,1.01,elevated
R0532_CAPE,USCHA,SAJED,CAPE,12375.0,0.0,0,0.75,moderate
R0533_DIRECT,CNGZG,CLVAP,DIRECT,10652.0,206.0,0,0.0,low
R0534_SUEZ,USCHA,BDKHL,SUEZ,1182.0,0.0,400000,0.91,moderate
R0535_PANAMA,DEHAM,BRSSZ,PANAMA,3344.0,474.0,350000,0.57,moderate
R0536_DIRECT,NLRTM,NGAPP,DIRECT,2795.0,24.0,0,0.0,low
R0537_CAPE,CAAQW,NLRTM,CAPE,12725.0,461.0,0,0.75,elevated
R0538_SUEZ,BRSSZ,SGSIN,SUEZ,4072.0,0.0,400000,0.66,elevated
R0539_CAPE,INMUN,DEHAM,CAPE,5091.0,88.0,0,1.39,low
R0540_SUEZ,AUPHE,INMUN,SUEZ,7362.0,0.0,400000,0.32,moderate
R0541_PANAMA,SAJED,CARTG,PANAMA,13658.0,0.0,350000,1.09,moderate
R0542_PANAMA,SAJED,GRPIR,PANAMA,2937.0,0.0,350000,0.35,moderate
R0543_SUEZ,MYTPP,JPOKA,SUEZ,6472.0,775.0,400000,0.69,moderate
R0544_SUEZ,CNGZG,CLVAP,SUEZ,3152.0,188.0,400000,1.49,low
R0545_PANAMA,CNGZG,USNOL,PANAMA,4622.0,397.0,350000,0.35,low
R0546_PANAMA,CNGZG,USNOL,PANAMA,4092.0,367.0,350000,1.46,moderate
R0547_DIRECT,PHMNL,AUPHE,DIRECT,11275.0,0.0,0,0.0,elevated
R0548_DIRECT,EGSUZ,AUPHE,DIRECT,11086.0,0.0,0,0.0,low
R0549_PANAMA,VNHPH,USNOL,PANAMA,7937.0,797.0,350000,1.32,elevated
R0550_CAPE,USNOL,IDSUB,CAPE,5649.0,685.0,0,0.89,low
R0551_SUEZ,INMUN,USGDX,SUEZ,1245.0,368.0,400000,1.04,elevated
R0552_CAPE,CARTG,BRSSZ,CAPE,6352.0,0.0,0,1.21,moderate
R0553_PANAMA,CARTG,VEPRC,PANAMA,8657.0,0.0,350000,1.35,elevated
R0554_PANAMA,USNYC,CARTG,PANAMA,4904.0,611.0,350000,0.66,low
R0555_SUEZ,PAONX,AEJEA,SUEZ,2102.0,0.0,400000,1.23,moderate
R0556_DIRECT,AUMEL,BRSFS,DIRECT,8253.0,0.0,0,0.0,elevated
R0557_PANAMA,JPOKA,CAAQW,PANAMA,4047.0,254.0,350000,1.22,elevated
R0558_DIRECT,CNSHA,CNGZG,DIRECT,7541.0,533.0,0,0.0,moderate
R0559_SUEZ,USGDX,AEJEA,SUEZ,2839.0,24.0,400000,0.36,low
R0560_PANAMA,EGSUZ,PAONX,PANAMA,5622.0,0.0,350000,1.48,moderate
R0561_SUEZ,ESLPA,GBFXT,SUEZ,10434.0,547.0,400000,0.38,moderate
R0562_DIRECT,BRSSZ,NLRTM,DIRECT,4255.0,616.0,0,0.0,elevated
R0563_PANAMA,IDSUB,INHAL,PANAMA,1318.0,0.0,350000,1.49,moderate
R0564_DIRECT,NLRTM,CAAQW,DIRECT,11576.0,528.0,0,0.0,low
R0565_PANAMA,MXVER,PAONX,PANAMA,1483.0,0.0,350000,0.99,moderate
R0566_PANAMA,ITGIT,INPAR,PANAMA,3116.0,0.0,350000,1.32,elevated
R0567_DIRECT,AUMEL,ZACPT,DIRECT,11678.0,0.0,0,0.0,elevated
R0568_PANAMA,PHMNL,INPAR,PANAMA,9813.0,0.0,350000,1.32,low
R0569_CAPE,VNHPH,IDSUB,CAPE,9736.0,0.0,0,0.91,moderate
R0570_CAPE,USCHA,AEJEA,CAPE,12486.0,0.0,0,0.9,moderate
R0571_DIRECT,NLRTM,CAAQW,DIRECT,3635.0,782.0,0,0.0,moderate
R0572_DIRECT,OMSOH,AUMEL,DIRECT,5309.0,0.0,0,0.0,low
R0573_CAPE,EGSUZ,OMSOH,CAPE,12999.0,0.0,0,1.08,moderate
R0574_CAPE,ZACPT,JPTYO,CAPE,12143.0,779.0,0,0.43,low
R0575_PANAMA,ESLPA,MXVER,PANAMA,4947.0,0.0,350000,0.86,low
R0576_SUEZ,BDKHL,GRPIR,SUEZ,2768.0,0.0,400000,0.84,low
R0577_CAPE,SAJED,CNGZG,CAPE,3800.0,720.0,0,1.07,moderate
R0578_CAPE,INPAR,USNOL,CAPE,12043.0,212.0,0,0.53,moderate
R0579_SUEZ,NGAPP,GRPIR,SUEZ,6814.0,0.0,400000,0.63,moderate
R0580_DIRECT,JPTYO,CNGZG,DIRECT,5425.0,141.0,0,0.0,low
R0581_DIRECT,PAONX,KRPUS,DIRECT,3609.0,0.0,0,0.0,low
R0582_PANAMA,INMUN,BRSSZ,PANAMA,4548.0,0.0,350000,1.4,low
R0583_SUEZ,VEPRC,CAAQW,SUEZ,5030.0,642.0,400000,1.31,elevated
R0584_CAPE,OMSOH,CARTG,CAPE,6418.0,0.0,0,1.36,low
R0585_DIRECT,USNOL,AUMEL,DIRECT,8466.0,549.0,0,0.0,moderate
R0586_SUEZ,USCHA,PHMNL,SUEZ,2080.0,0.0,400000,0.79,moderate
R0587_CAPE,SGSIN,CNGZG,CAPE,5424.0,126.0,0,0.63,moderate
R0588_DIRECT,OMSOH,ITGIT,DIRECT,4656.0,0.0,0,0.0,low
R0589_DIRECT,KRPUS,CNGZG,DIRECT,2448.0,62.0,0,0.0,moderate
R0590_SUEZ,VNHPH,AUPHE,SUEZ,1605.0,0.0,400000,1.18,elevated
R0591_SUEZ,IDSUB,BDKHL,SUEZ,5522.0,0.0,400000,0.84,low
R0592_PANAMA,AEJEA,AUMEL,PANAMA,7131.0,0.0,350000,1.17,elevated
R0593_PANAMA,NLRTM,BDKHL,PANAMA,6199.0,383.0,350000,0.78,moderate
R0594_CAPE,NLRTM,SAJED,CAPE,13708.0,299.0,0,0.71,elevated
R0595_DIRECT,GBFXT,OMSOH,DIRECT,4860.0,342.0,0,0.0,elevated
R0596_SUEZ,CLVAP,AEJEA,SUEZ,11317.0,0.0,400000,1.03,moderate
R0597_DIRECT,NLRTM,OMSOH,DIRECT,8370.0,276.0,0,0.0,low
R0598_SUEZ,MYTPP,AEJEA,SUEZ,2932.0,0.0,400000,0.95,moderate
R0599_DIRECT,IDSUB,OMSOH,DIRECT,8962.0,0.0,0,0.0,elevated
R0600_DIRECT,VNHPH,GRPIR,DIRECT,4371.0,0.0,0,0.0,elevated
R0601_CAPE,BDKHL,CNSHA,CAPE,5114.0,189.0,0,0.71,moderate
R0602_DIRECT,USCHA,AUPHE,DIRECT,9863.0,0.0,0,0.0,elevated
R0603_DIRECT,ZACPT,ARBAI,DIRECT,9298.0,0.0,0,0.0,moderate
R0604_PANAMA,ESLPA,BRSSZ,PANAMA,4717.0,0.0,350000,0.34,elevated
R0605_CAPE,SAJED,USGDX,CAPE,9023.0,157.0,0,0.43,moderate
R0606_CAPE,SAJED,NLRTM,CAPE,7273.0,332.0,0,0.95,moderate
R0607_CAPE,BRSFS,CNTAO,CAPE,1848.0,0.0,0,0.9,elevated
R0608_DIRECT,INHAL,AUMEL,DIRECT,7595.0,0.0,0,0.0,elevated
R0609_PANAMA,KRPUS,AEJEA,PANAMA,9565.0,0.0,350000,0.56,low
R0610_PANAMA,JPOKA,SAJED,PANAMA,6165.0,5.0,350000,0.84,moderate
R0611_DIRECT,BDKHL,BRSSZ,DIRECT,6598.0,0.0,0,0.0,moderate
R0612_PANAMA,IDSUB,DEHAM,PANAMA,5012.0,468.0,350000,1.4,moderate
R0613_SUEZ,CAAQW,EGSUZ,SUEZ,12284.0,109.0,400000,1.2,low
R0614_CAPE,JPTYO,CARTG,CAPE,1219.0,253.0,0,1.45,moderate
R0615_SUEZ,NLRTM,GBFXT,SUEZ,3438.0,606.0,400000,1.31,moderate
R0616_SUEZ,OMSOH,SGSIN,SUEZ,1599.0,0.0,400000,1.28,low
R0617_PANAMA,OMSOH,CAAQW,PANAMA,6312.0,463.0,350000,0.82,elevated
R0618_SUEZ,INHAL,CLVAP,SUEZ,7600.0,0.0,400000,0.81,elevated
R0619_PANAMA,BRVIX,USCHA,PANAMA,4073.0,0.0,350000,0.95,elevated
R0620_SUEZ,SGSIN,AUPHE,SUEZ,4570.0,0.0,400000,1.14,elevated
R0621_DIRECT,PAONX,CNGZG,DIRECT,6228.0,331.0,0,0.0,elevated
R0622_DIRECT,AUSYD,BDKHL,DIRECT,8717.0,0.0,0,0.0,elevated
R0623_SUEZ,DEHAM,BRVIX,SUEZ,10622.0,59.0,400000,1.29,low
R0624_DIRECT,EGSUZ,BRSSZ,DIRECT,3028.0,0.0,0,0.0,low
R0625_SUEZ,OMSOH,AUMEL,SUEZ,4574.0,0.0,400000,0.77,elevated
R0626_SUEZ,BRSSZ,ITGIT,SUEZ,9527.0,0.0,400000,1.23,low
R0627_CAPE,BRVIX,CARTG,CAPE,10508.0,0.0,0,0.45,low
R0628_PANAMA,USGDX,AUMEL,PANAMA,7020.0,223.0,350000,0.33,elevated
R0629_SUEZ,CNTAO,PHMNL,SUEZ,12521.0,0.0,400000,1.23,low
R0630_SUEZ,AUSYD,KRPUS,SUEZ,4814.0,0.0,400000,0.83,low
R0631_DIRECT,NLRTM,USCHA,DIRECT,6634.0,557.0,0,0.0,moderate
R0632_CAPE,NLRTM,MYTPP,CAPE,8207.0,310.0,0,1.12,moderate
R0633_PANAMA,BRSFS,ESLPA,PANAMA,2947.0,0.0,350000,1.02,elevated
R0634_CAPE,ZACPT,GRPIR,CAPE,11991.0,0.0,0,1.13,elevated
R0635_DIRECT,AUMEL,USNOL,DIRECT,13996.0,224.0,0,0.0,low
R0636_DIRECT,INMUN,OMSOH,DIRECT,9996.0,0.0,0,0.0,low
R0637_CAPE,ARBAI,INMUN,CAPE,7583.0,0.0,0,1.25,moderate
R0638_CAPE,JPTYO,INPAR,CAPE,3339.0,458.0,0,1.15,low
R0639_PANAMA,AUMEL,GRPIR,PANAMA,2582.0,0.0,350000,0.56,low
R0640_CAPE,CARTG,BDKHL,CAPE,6036.0,0.0,0,0.69,moderate
R0641_PANAMA,USCHA,ARBAI,PANAMA,10735.0,0.0,350000,1.4,low
R0642_PANAMA,USNOL,EGSUZ,PANAMA,3092.0,380.0,350000,1.36,moderate
R0643_SUEZ,VEPRC,GBFXT,SUEZ,3809.0,229.0,400000,1.16,moderate
R0644_SUEZ,INHAL,VNHPH,SUEZ,11238.0,0.0,400000,1.06,moderate
R0645_PANAMA,CNGZG,NLRTM,PANAMA,5729.0,150.0,350000,1.06,elevated
R0646_PANAMA,AUMEL,EGSUZ,PANAMA,8738.0,0.0,350000,0.94,low
R0647_CAPE,CAAQW,SGSIN,CAPE,8737.0,553.0,0,1.09,moderate
R0648_CAPE,NLRTM,SGSIN,CAPE,4093.0,189.0,0,0.57,elevated
R0649_SUEZ,CAAQW,OMSOH,SUEZ,4159.0,127.0,400000,1.16,low
R0650_DIRECT,MXVER,JPTYO,DIRECT,4168.0,7.0,0,0.0,moderate
R0651_DIRECT,BRSSZ,NLRTM,DIRECT,5137.0,497.0,0,0.0,moderate
R0652_PANAMA,SGSIN,CNTAO,PANAMA,5122.0,0.0,350000,1.0,low
R0653_DIRECT,AEJEA,AUMEL,DIRECT,7046.0,0.0,0,0.0,moderate
R0654_CAPE,PHMNL,VNHPH,CAPE,12839.0,0.0,0,0.67,elevated
R0655_SUEZ,PHMNL,ESLPA,SUEZ,4994.0,0.0,400000,1.06,low
R0656_SUEZ,VEPRC,SAJED,SUEZ,2340.0,0.0,400000,1.33,elevated
R0657_PANAMA,BRSSZ,GBFXT,PANAMA,5620.0,135.0,350000,0.57,moderate
R0658_SUEZ,USNYC,INMUN,SUEZ,8998.0,613.0,400000,1.1,moderate
R0659_SUEZ,CNGZG,ESLPA,SUEZ,1570.0,521.0,400000,1.23,moderate
R0660_PANAMA,AUSYD,JPTYO,PANAMA,4054.0,581.0,350000,0.55,moderate
R0661_PANAMA,VNHPH,INHAL,PANAMA,4786.0,0.0,350000,0.88,elevated
R0662_SUEZ,INPAR,CNSHA,SUEZ,12953.0,504.0,400000,1.35,moderate
R0663_SUEZ,AUSYD,GRPIR,SUEZ,8920.0,0.0,400000,0.69,elevated
R0664_CAPE,JPOKA,CNSHA,CAPE,1097.0,420.0,0,0.36,low
R0665_CAPE,AUSYD,ITGIT,CAPE,3576.0,0.0,0,0.53,moderate
R0666_DIRECT,SGSIN,AUPHE,DIRECT,4130.0,0.0,0,0.0,elevated
R0667_DIRECT,CLVAP,MXVER,DIRECT,6173.0,0.0,0,0.0,moderate
R0668_CAPE,MXVER,PAONX,CAPE,11798.0,0.0,0,1.48,low
R0669_PANAMA,PHMNL,MXVER,PANAMA,6482.0,0.0,350000,0.44,moderate
R0670_PANAMA,SAJED,PHMNL,PANAMA,8141.0,0.0,350000,1.02,low
R0671_DIRECT,INHAL,SAJED,DIRECT,3192.0,0.0,0,0.0,elevated
R0672_SUEZ,ITGIT,AUPHE,SUEZ,12985.0,0.0,400000,1.05,low
R0673_PANAMA,BRVIX,INHAL,PANAMA,4591.0,0.0,350000,0.65,low
R0674_PANAMA,ZACPT,EGSUZ,PANAMA,7575.0,0.0,350000,0.57,moderate
R0675_SUEZ,EGSUZ,CAAQW,SUEZ,2944.0,140.0,400000,1.16,low
R0676_CAPE,MYTPP,EGSUZ,CAPE,1671.0,0.0,0,0.8,moderate
R0677_CAPE,USCHA,INHAL,CAPE,6412.0,0.0,0,0.65,elevated
R0678_SUEZ,AEJEA,PHMNL,SUEZ,5468.0,0.0,400000,1.49,elevated
R0679_PANAMA,ZACPT,BRSSZ,PANAMA,9962.0,0.0,350000,1.29,elevated
R0680_PANAMA,AUMEL,USNYC,PANAMA,4829.0,660.0,350000,1.04,moderate
R0681_SUEZ,ESLPA,BRSSZ,SUEZ,3141.0,0.0,400000,0.91,elevated
R0682_CAPE,AUSYD,KRPUS,CAPE,8958.0,0.0,0,1.42,low
R0683_PANAMA,USGDX,IDSUB,PANAMA,13043.0,43.0,350000,1.22,low
R0684_DIRECT,EGSUZ,INHAL,DIRECT,4989.0,0.0,0,0.0,moderate
R0685_DIRECT,AEJEA,GBFXT,DIRECT,8183.0,352.0,0,0.0,moderate
R0686_DIRECT,CARTG,ESLPA,DIRECT,13696.0,0.0,0,0.0,elevated
R0687_SUEZ,USCHA,DEHAM,SUEZ,3854.0,400.0,400000,1.35,low
R0688_SUEZ,ARBAI,INHAL,SUEZ,3956.0,0.0,400000,1.05,low
R0689_CAPE,AUSYD,BRVIX,CAPE,5147.0,0.0,0,0.7,elevated
R0690_PANAMA,AUSYD,ITGIT,PANAMA,7283.0,0.0,350000,0.63,elevated
R0691_SUEZ,AUPHE,ARBAI,SUEZ,2144.0,0.0,400000,0.56,elevated
R0692_PANAMA,ARBAI,USNOL,PANAMA,5222.0,241.0,350000,0.85,low
R0693_DIRECT,MYTPP,PAONX,DIRECT,13214.0,0.0,0,0.0,moderate
R0694_PANAMA,AUMEL,AEJEA,PANAMA,10535.0,0.0,350000,1.2,moderate
R0695_PANAMA,NLRTM,ZACPT,PANAMA,5314.0,670.0,350000,1.05,moderate
R0696_DIRECT,USCHA,ARBAI,DIRECT,1630.0,0.0,0,0.0,low
R0697_PANAMA,CNSHA,VEPRC,PANAMA,7555.0,308.0,350000,1.09,elevated
R0698_DIRECT,BRSSZ,MYTPP,DIRECT,1706.0,0.0,0,0.0,elevated
R0699_CAPE,GRPIR,AUMEL,CAPE,7896.0,0.0,0,0.99,moderate
R0700_DIRECT,CNSHA,IDSUB,DIRECT,2591.0,704.0,0,0.0,elevated
R0701_SUEZ,KRPUS,USNOL,SUEZ,6760.0,434.0,400000,1.2,low
R0702_SUEZ,CAAQW,GBFXT,SUEZ,3213.0,16.0,400000,0.5,low
R0703_DIRECT,PAONX,OMSOH,DIRECT,13088.0,0.0,0,0.0,low
R0704_DIRECT,JPOKA,USGDX,DIRECT,4186.0,729.0,0,0.0,moderate
R0705_SUEZ,GRPIR,USNYC,SUEZ,6834.0,234.0,400000,0.35,low
R0706_CAPE,CARTG,USGDX,CAPE,8291.0,384.0,0,0.42,low
R0707_DIRECT,PHMNL,USNOL,DIRECT,2789.0,154.0,0,0.0,low
R0708_DIRECT,USGDX,NLRTM,DIRECT,12901.0,324.0,0,0.0,elevated
R0709_DIRECT,EGSUZ,VNHPH,DIRECT,9150.0,0.0,0,0.0,elevated
R0710_SUEZ,EGSUZ,USNOL,SUEZ,8343.0,245.0,400000,0.65,moderate
R0711_PANAMA,BRSFS,CARTG,PANAMA,6990.0,0.0,350000,0.91,elevated
R0712_DIRECT,EGSUZ,VEPRC,DIRECT,11684.0,0.0,0,0.0,low
R0713_CAPE,CNGZG,INMUN,CAPE,4356.0,701.0,0,1.2,low
R0714_PANAMA,CNSHA,CAAQW,PANAMA,6546.0,468.0,350000,1.08,moderate
R0715_SUEZ,EGSUZ,VEPRC,SUEZ,12514.0,0.0,400000,0.36,elevated
R0716_DIRECT,JPOKA,GRPIR,DIRECT,12920.0,765.0,0,0.0,elevated
R0717_CAPE,INPAR,CNGZG,CAPE,11728.0,605.0,0,0.76,elevated
R0718_PANAMA,BRSFS,MYTPP,PANAMA,3311.0,0.0,350000,1.45,elevated
R0719_SUEZ,GRPIR,JPOKA,SUEZ,13820.0,90.0,400000,0.54,low
R0720_PANAMA,CLVAP,BDKHL,PANAMA,4993.0,0.0,350000,0.7,moderate
R0721_PANAMA,CNTAO,CNSHA,PANAMA,12215.0,467.0,350000,1.21,moderate
R0722_CAPE,DEHAM,PAONX,CAPE,4410.0,491.0,0,0.96,low
R0723_DIRECT,USGDX,VNHPH,DIRECT,5361.0,506.0,0,0.0,low
R0724_CAPE,BRVIX,PAONX,CAPE,3391.0,0.0,0,0.81,low
R0725_PANAMA,PAONX,DEHAM,PANAMA,5510.0,317.0,350000,0.71,low
R0726_CAPE,BRVIX,SAJED,CAPE,6290.0,0.0,0,0.4,elevated
R0727_DIRECT,GRPIR,BDKHL,DIRECT,12230.0,0.0,0,0.0,moderate
R0728_SUEZ,GRPIR,MXVER,SUEZ,8830.0,0.0,400000,0.83,low
R0729_PANAMA,MXVER,BRSFS,PANAMA,10956.0,0.0,350000,0.6,low
R0730_SUEZ,CLVAP,OMSOH,SUEZ,11083.0,0.0,400000,1.1,moderate
R0731_SUEZ,KRPUS,GBFXT,SUEZ,4603.0,695.0,400000,0.35,elevated
R0732_PANAMA,JPTYO,MYTPP,PANAMA,1902.0,533.0,350000,1.2,low
R0733_CAPE,VNHPH,JPOKA,CAPE,12872.0,521.0,0,1.09,moderate
R0734_SUEZ,BRSFS,VNHPH,SUEZ,8743.0,0.0,400000,0.74,elevated
R0735_DIRECT,EGSUZ,DEHAM,DIRECT,9380.0,114.0,0,0.0,low
R0736_DIRECT,BRSFS,BDKHL,DIRECT,13374.0,0.0,0,0.0,elevated
R0737_SUEZ,AEJEA,EGSUZ,SUEZ,11767.0,0.0,400000,0.47,low
R0738_DIRECT,INPAR,PAONX,DIRECT,8765.0,0.0,0,0.0,low
R0739_PANAMA,CNTAO,INHAL,PANAMA,4323.0,0.0,350000,0.56,elevated
R0740_CAPE,AUSYD,MYTPP,CAPE,10057.0,0.0,0,0.53,low
R0741_DIRECT,GBFXT,VNHPH,DIRECT,11128.0,153.0,0,0.0,moderate
R0742_SUEZ,INMUN,EGSUZ,SUEZ,8304.0,0.0,400000,1.47,elevated
R0743_SUEZ,BRSSZ,NGAPP,SUEZ,6639.0,0.0,400000,0.67,moderate
R0744_PANAMA,GRPIR,DEHAM,PANAMA,1531.0,307.0,350000,0.54,elevated
R0745_PANAMA,IDSUB,KRPUS,PANAMA,8186.0,0.0,350000,0.73,moderate
R0746_CAPE,MXVER,CLVAP,CAPE,11635.0,0.0,0,1.23,low
R0747_PANAMA,JPTYO,GBFXT,PANAMA,3454.0,25.0,350000,0.86,elevated
R0748_CAPE,CAAQW,CARTG,CAPE,5594.0,628.0,0,0.89,low
R0749_PANAMA,BRVIX,NGAPP,PANAMA,13122.0,0.0,350000,1.44,low
R0750_DIRECT,DEHAM,PHMNL,DIRECT,8813.0,354.0,0,0.0,elevated
R0751_PANAMA,ZACPT,PHMNL,PANAMA,6550.0,0.0,350000,0.41,moderate
R0752_CAPE,AUSYD,INPAR,CAPE,13271.0,0.0,0,0.45,low
R0753_PANAMA,MXVER,NGAPP,PANAMA,11643.0,0.0,350000,1.45,low
R0754_PANAMA,GBFXT,INMUN,PANAMA,5577.0,5.0,350000,0.83,elevated
R0755_DIRECT,SAJED,BRVIX,DIRECT,10718.0,0.0,0,0.0,elevated
R0756_DIRECT,USNYC,USCHA,DIRECT,3317.0,154.0,0,0.0,moderate
R0757_DIRECT,CARTG,CNTAO,DIRECT,9909.0,0.0,0,0.0,moderate
R0758_SUEZ,BRVIX,USNOL,SUEZ,1718.0,113.0,400000,1.26,elevated
R0759_PANAMA,BDKHL,USNYC,PANAMA,2256.0,756.0,350000,0.38,moderate
R0760_CAPE,VNHPH,ESLPA,CAPE,2668.0,0.0,0,0.84,elevated
R0761_DIRECT,ESLPA,SAJED,DIRECT,13985.0,0.0,0,0.0,elevated
R0762_DIRECT,BRSSZ,USGDX,DIRECT,5760.0,730.0,0,0.0,moderate
R0763_SUEZ,AUPHE,BDKHL,SUEZ,2861.0,0.0,400000,1.2,moderate
R0764_CAPE,INPAR,ITGIT,CAPE,4083.0,0.0,0,1.33,moderate
R0765_SUEZ,ZACPT,ITGIT,SUEZ,13536.0,0.0,400000,0.33,low
R0766_PANAMA,SAJED,GBFXT,PANAMA,7589.0,700.0,350000,1.05,low
R0767_SUEZ,SAJED,USNOL,SUEZ,3190.0,473.0,400000,1.24,moderate
R0768_PANAMA,OMSOH,USNOL,PANAMA,7085.0,785.0,350000,0.43,moderate
R0769_DIRECT,CNTAO,GRPIR,DIRECT,3506.0,0.0,0,0.0,moderate
R0770_DIRECT,CNSHA,MYTPP,DIRECT,4244.0,539.0,0,0.0,moderate
R0771_SUEZ,ARBAI,AEJEA,SUEZ,12898.0,0.0,400000,0.54,elevated
R0772_SUEZ,CARTG,CAAQW,SUEZ,5461.0,277.0,400000,0.92,elevated
R0773_SUEZ,AUSYD,AEJEA,SUEZ,10778.0,0.0,400000,1.03,moderate
R0774_PANAMA,INMUN,NGAPP,PANAMA,13504.0,0.0,350000,1.02,low
R0775_SUEZ,SAJED,OMSOH,SUEZ,8158.0,0.0,400000,1.47,moderate
R0776_CAPE,JPTYO,CNTAO,CAPE,6912.0,280.0,0,0.38,elevated
R0777_CAPE,CNTAO,DEHAM,CAPE,9607.0,266.0,0,0.66,low
R0778_SUEZ,KRPUS,GRPIR,SUEZ,13083.0,0.0,400000,0.42,low
R0779_DIRECT,GBFXT,ZACPT,DIRECT,13126.0,530.0,0,0.0,elevated
R0780_DIRECT,AUMEL,MXVER,DIRECT,12430.0,0.0,0,0.0,low
R0781_CAPE,PHMNL,MXVER,CAPE,7516.0,0.0,0,0.69,moderate
R0782_DIRECT,CARTG,BRSSZ,DIRECT,9798.0,0.0,0,0.0,elevated
R0783_SUEZ,AUSYD,JPOKA,SUEZ,10077.0,574.0,400000,0.69,moderate
R0784_DIRECT,PAONX,JPOKA,DIRECT,8393.0,392.0,0,0.0,elevated
R0785_CAPE,DEHAM,USNYC,CAPE,6547.0,8.0,0,1.0,moderate
R0786_DIRECT,MYTPP,BRSFS,DIRECT,12898.0,0.0,0,0.0,moderate
R0787_PANAMA,EGSUZ,CLVAP,PANAMA,7175.0,0.0,350000,0.38,elevated
R0788_SUEZ,BRSFS,DEHAM,SUEZ,8125.0,478.0,400000,0.37,elevated
R0789_DIRECT,SGSIN,SAJED,DIRECT,10218.0,0.0,0,0.0,moderate
R0790_SUEZ,OMSOH,JPOKA,SUEZ,9472.0,352.0,400000,0.57,low
R0791_DIRECT,CNSHA,USGDX,DIRECT,8873.0,354.0,0,0.0,elevated
R0792_CAPE,GBFXT,ITGIT,CAPE,8989.0,588.0,0,1.03,moderate
R0793_SUEZ,BRSSZ,CNTAO,SUEZ,1767.0,0.0,400000,0.81,moderate
R0794_CAPE,JPOKA,CLVAP,CAPE,1925.0,210.0,0,1.1,moderate
R0795_PANAMA,USNOL,PAONX,PANAMA,1625.0,638.0,350000,0.77,low
R0796_CAPE,BDKHL,CNTAO,CAPE,9095.0,0.0,0,1.0,moderate
R0797_DIRECT,AUSYD,ESLPA,DIRECT,6650.0,0.0,0,0.0,low
R0798_DIRECT,AUPHE,CAAQW,DIRECT,8680.0,231.0,0,0.0,moderate
R0799_CAPE,CAAQW,ZACPT,CAPE,12854.0,597.0,0,0.46,elevated
R0800_DIRECT,JPOKA,AEJEA,DIRECT,7869.0,168.0,0,0.0,low
R0801_CAPE,CARTG,PAONX,CAPE,4343.0,0.0,0,1.09,moderate
R0802_PANAMA,KRPUS,AUSYD,PANAMA,12295.0,0.0,350000,0.96,moderate
R0803_DIRECT,ZACPT,NLRTM,DIRECT,12749.0,462.0,0,0.0,moderate
R0804_PANAMA,VNHPH,DEHAM,PANAMA,12279.0,467.0,350000,0.51,moderate
R0805_DIRECT,AUMEL,NGAPP,DIRECT,1197.0,0.0,0,0.0,elevated
R0806_SUEZ,CNTAO,VEPRC,SUEZ,12597.0,0.0,400000,0.43,elevated
R0807_PANAMA,SAJED,NLRTM,PANAMA,12123.0,99.0,350000,0.65,low
R0808_SUEZ,MYTPP,BRSFS,SUEZ,1698.0,0.0,400000,0.42,elevated
R0809_PANAMA,AUSYD,PHMNL,PANAMA,10862.0,0.0,350000,0.8,moderate
R0810_PANAMA,BRSFS,BDKHL,PANAMA,1749.0,0.0,350000,1.23,elevated
R0811_PANAMA,CNSHA,BRSFS,PANAMA,13779.0,159.0,350000,0.42,elevated
R0812_CAPE,AUSYD,INHAL,CAPE,2278.0,0.0,0,1.22,elevated
R0813_CAPE,GRPIR,USNOL,CAPE,1891.0,705.0,0,1.26,elevated
R0814_SUEZ,VNHPH,CNGZG,SUEZ,12782.0,709.0,400000,0.63,low
R0815_DIRECT,DEHAM,CARTG,DIRECT,12644.0,762.0,0,0.0,elevated
R0816_DIRECT,BRSFS,CNSHA,DIRECT,12883.0,576.0,0,0.0,elevated
R0817_CAPE,NGAPP,BRVIX,CAPE,11241.0,0.0,0,1.12,low
R0818_SUEZ,ARBAI,INPAR,SUEZ,13402.0,0.0,400000,1.46,low
R0819_CAPE,NLRTM,USNYC,CAPE,5972.0,69.0,0,1.2,low
R0820_SUEZ,CNSHA,ITGIT,SUEZ,7412.0,64.0,400000,0.36,low
R0821_CAPE,NLRTM,PAONX,CAPE,10680.0,331.0,0,0.86,moderate
R0822_CAPE,USCHA,ZACPT,CAPE,5570.0,0.0,0,1.26,moderate
R0823_PANAMA,IDSUB,MXVER,PANAMA,4156.0,0.0,350000,0.57,elevated
R0824_SUEZ,ZACPT,BRVIX,SUEZ,8137.0,0.0,400000,0.41,elevated
R0825_SUEZ,JPOKA,NGAPP,SUEZ,13927.0,195.0,400000,1.34,low
R0826_CAPE,USGDX,IDSUB,CAPE,11591.0,656.0,0,0.86,elevated
R0827_DIRECT,BDKHL,CARTG,DIRECT,2722.0,0.0,0,0.0,low
R0828_PANAMA,VNHPH,AUPHE,PANAMA,7752.0,0.0,350000,1.09,moderate
R0829_PANAMA,MYTPP,BRSFS,PANAMA,6381.0,0.0,350000,1.21,elevated
R0830_CAPE,JPOKA,SGSIN,CAPE,10450.0,50.0,0,1.3,moderate
R0831_DIRECT,JPTYO,GRPIR,DIRECT,7679.0,543.0,0,0.0,elevated
R0832_DIRECT,JPOKA,INPAR,DIRECT,11319.0,162.0,0,0.0,moderate
R0833_PANAMA,GRPIR,DEHAM,PANAMA,6331.0,577.0,350000,1.31,moderate
R0834_SUEZ,CLVAP,USNOL,SUEZ,3059.0,420.0,400000,0.6,moderate
R0835_SUEZ,KRPUS,INHAL,SUEZ,9722.0,0.0,400000,0.7,elevated
R0836_CAPE,GRPIR,CNGZG,CAPE,2253.0,379.0,0,0.92,moderate
R0837_SUEZ,USGDX,AUMEL,SUEZ,5901.0,454.0,400000,0.62,elevated
R0838_CAPE,INMUN,MXVER,CAPE,13237.0,0.0,0,0.42,elevated
R0839_CAPE,ESLPA,CAAQW,CAPE,13933.0,201.0,0,0.33,elevated
R0840_PANAMA,AEJEA,BRVIX,PANAMA,8558.0,0.0,350000,0.97,elevated
R0841_DIRECT,USNYC,INHAL,DIRECT,8821.0,517.0,0,0.0,moderate
R0842_SUEZ,KRPUS,IDSUB,SUEZ,5318.0,0.0,400000,1.16,elevated
R0843_PANAMA,CARTG,PHMNL,PANAMA,3537.0,0.0,350000,0.65,moderate
R0844_DIRECT,CARTG,SGSIN,DIRECT,3153.0,0.0,0,0.0,low
R0845_PANAMA,INMUN,SGSIN,PANAMA,3293.0,0.0,350000,0.64,low
R0846_PANAMA,ITGIT,VEPRC,PANAMA,11208.0,0.0,350000,0.89,low
R0847_DIRECT,NGAPP,USNYC,DIRECT,4387.0,674.0,0,0.0,moderate
R0848_SUEZ,USGDX,USNYC,SUEZ,8651.0,22.0,400000,1.32,elevated
R0849_CAPE,INHAL,JPTYO,CAPE,2516.0,49.0,0,0.94,low
R0850_CAPE,VEPRC,AUSYD,CAPE,2799.0,0.0,0,0.86,low
R0851_PANAMA,BDKHL,GBFXT,PANAMA,9261.0,107.0,350000,0.65,low
R0852_PANAMA,JPTYO,CAAQW,PANAMA,7877.0,476.0,350000,0.62,low
R0853_CAPE,GBFXT,CNGZG,CAPE,11103.0,373.0,0,0.65,elevated
R0854_SUEZ,BRSSZ,JPTYO,SUEZ,4930.0,656.0,400000,0.5,elevated
R0855_DIRECT,SGSIN,IDSUB,DIRECT,12407.0,0.0,0,0.0,low
R0856_PANAMA,USNOL,PAONX,PANAMA,5023.0,442.0,350000,0.62,low
R0857_PANAMA,BRSSZ,NLRTM,PANAMA,6119.0,554.0,350000,1.3,moderate
R0858_CAPE,CNSHA,PAONX,CAPE,11610.0,46.0,0,0.62,low
R0859_PANAMA,BRVIX,SAJED,PANAMA,5789.0,0.0,350000,0.72,elevated
R0860_PANAMA,NLRTM,INMUN,PANAMA,1593.0,437.0,350000,1.07,moderate
R0861_SUEZ,USGDX,AEJEA,SUEZ,9685.0,124.0,400000,0.32,low
R0862_DIRECT,INPAR,CAAQW,DIRECT,10027.0,618.0,0,0.0,low
R0863_CAPE,MXVER,NLRTM,CAPE,9071.0,37.0,0,0.76,moderate
R0864_PANAMA,SAJED,JPOKA,PANAMA,13597.0,276.0,350000,1.21,elevated
R0865_PANAMA,AUSYD,ESLPA,PANAMA,9657.0,0.0,350000,0.95,elevated
R0866_PANAMA,NLRTM,AUSYD,PANAMA,9672.0,302.0,350000,0.35,moderate
R0867_DIRECT,ZACPT,SAJED,DIRECT,7282.0,0.0,0,0.0,moderate
R0868_CAPE,INMUN,JPTYO,CAPE,12803.0,465.0,0,0.75,elevated
R0869_CAPE,SGSIN,USNYC,CAPE,12196.0,95.0,0,0.85,moderate
R0870_DIRECT,MYTPP,PAONX,DIRECT,1792.0,0.0,0,0.0,low
R0871_CAPE,INPAR,CNTAO,CAPE,12104.0,0.0,0,1.33,moderate
R0872_DIRECT,NGAPP,VNHPH,DIRECT,1132.0,0.0,0,0.0,elevated
R0873_DIRECT,SAJED,CNSHA,DIRECT,1763.0,659.0,0,0.0,elevated
R0874_PANAMA,INHAL,IDSUB,PANAMA,13727.0,0.0,350000,0.46,elevated
R0875_CAPE,AUPHE,CNGZG,CAPE,11902.0,93.0,0,0.48,low
R0876_DIRECT,USCHA,SGSIN,DIRECT,5792.0,0.0,0,0.0,low
R0877_CAPE,GBFXT,OMSOH,CAPE,1268.0,730.0,0,1.35,elevated
R0878_SUEZ,CLVAP,DEHAM,SUEZ,6536.0,623.0,400000,0.31,low
R0879_SUEZ,OMSOH,AUSYD,SUEZ,7873.0,0.0,400000,0.77,moderate
R0880_PANAMA,USNOL,SGSIN,PANAMA,7528.0,679.0,350000,0.95,low
R0881_DIRECT,VNHPH,AEJEA,DIRECT,1360.0,0.0,0,0.0,moderate
R0882_DIRECT,USCHA,CARTG,DIRECT,11506.0,0.0,0,0.0,moderate
R0883_DIRECT,AUPHE,IDSUB,DIRECT,6241.0,0.0,0,0.0,low
R0884_SUEZ,BRSFS,EGSUZ,SUEZ,12310.0,0.0,400000,0.57,low
R0885_CAPE,BRVIX,INMUN,CAPE,2774.0,0.0,0,0.36,moderate
R0886_DIRECT,BRSSZ,AEJEA,DIRECT,11541.0,0.0,0,0.0,low
R0887_DIRECT,INHAL,JPOKA,DIRECT,5651.0,685.0,0,0.0,elevated
R0888_PANAMA,VEPRC,ARBAI,PANAMA,8445.0,0.0,350000,0.41,low
R0889_DIRECT,USGDX,JPTYO,DIRECT,7391.0,279.0,0,0.0,low
R0890_DIRECT,BRVIX,IDSUB,DIRECT,2514.0,0.0,0,0.0,low
R0891_SUEZ,CNSHA,CARTG,SUEZ,13642.0,430.0,400000,0.38,elevated
R0892_PANAMA,CNGZG,BRSSZ,PANAMA,8187.0,668.0,350000,1.31,low
R0893_CAPE,JPOKA,VEPRC,CAPE,13568.0,294.0,0,0.46,low
R0894_SUEZ,USCHA,CNSHA,SUEZ,5975.0,329.0,400000,1.44,low
R0895_DIRECT,GBFXT,USGDX,DIRECT,6027.0,691.0,0,0.0,elevated
R0896_DIRECT,BRSSZ,OMSOH,DIRECT,5737.0,0.0,0,0.0,low
R0897_SUEZ,CLVAP,KRPUS,SUEZ,1862.0,0.0,400000,0.59,low
R0898_DIRECT,USNYC,BRSSZ,DIRECT,2516.0,513.0,0,0.0,moderate
R0899_SUEZ,DEHAM,ITGIT,SUEZ,4425.0,766.0,400000,0.6,low
R0900_PANAMA,CNGZG,VEPRC,PANAMA,6785.0,77.0,350000,0.49,low
R0901_PANAMA,VEPRC,INMUN,PANAMA,8957.0,0.0,350000,1.23,elevated
R0902_CAPE,JPOKA,GRPIR,CAPE,10532.0,287.0,0,1.17,elevated
R0903_DIRECT,USNYC,BDKHL,DIRECT,6493.0,361.0,0,0.0,low
R0904_DIRECT,BRVIX,INPAR,DIRECT,13109.0,0.0,0,0.0,low
R0905_PANAMA,KRPUS,BRSSZ,PANAMA,5434.0,0.0,350000,1.37,low
R0906_CAPE,AUSYD,CNGZG,CAPE,6983.0,785.0,0,1.14,moderate
R0907_SUEZ,EGSUZ,GRPIR,SUEZ,6099.0,0.0,400000,0.81,elevated
R0908_CAPE,ESLPA,PAONX,CAPE,5669.0,0.0,0,0.82,elevated
R0909_CAPE,BRSSZ,ZACPT,CAPE,7862.0,0.0,0,1.09,moderate
R0910_DIRECT,VEPRC,KRPUS,DIRECT,10353.0,0.0,0,0.0,elevated
R0911_CAPE,GBFXT,JPOKA,CAPE,8942.0,156.0,0,0.46,low
R0912_SUEZ,SAJED,INPAR,SUEZ,6403.0,0.0,400000,0.48,low
R0913_PANAMA,PAONX,VNHPH,PANAMA,13867.0,0.0,350000,0.9,low
R0914_CAPE,SGSIN,ITGIT,CAPE,2913.0,0.0,0,0.77,low
R0915_CAPE,USGDX,KRPUS,CAPE,1408.0,600.0,0,0.34,low
R0916_SUEZ,GRPIR,NGAPP,SUEZ,4220.0,0.0,400000,0.94,moderate
R0917_SUEZ,MXVER,ZACPT,SUEZ,3541.0,0.0,400000,0.83,moderate
R0918_PANAMA,ESLPA,BRSFS,PANAMA,2897.0,0.0,350000,0.44,moderate
R0919_SUEZ,AUMEL,INPAR,SUEZ,5051.0,0.0,400000,0.82,low
R0920_CAPE,OMSOH,BRSFS,CAPE,11640.0,0.0,0,0.72,moderate
R0921_PANAMA,USNOL,ESLPA,PANAMA,6470.0,453.0,350000,1.31,elevated
R0922_DIRECT,CNGZG,USNYC,DIRECT,1484.0,134.0,0,0.0,low
R0923_CAPE,INHAL,BDKHL,CAPE,13188.0,0.0,0,1.04,moderate
R0924_SUEZ,NGAPP,NLRTM,SUEZ,3661.0,730.0,400000,0.73,elevated
R0925_DIRECT,AEJEA,MYTPP,DIRECT,9462.0,0.0,0,0.0,elevated
R0926_SUEZ,USCHA,INPAR,SUEZ,12504.0,0.0,400000,0.37,low
R0927_CAPE,CARTG,OMSOH,CAPE,6893.0,0.0,0,0.39,moderate
R0928_CAPE,PHMNL,MXVER,CAPE,1365.0,0.0,0,0.57,low
R0929_DIRECT,OMSOH,CNTAO,DIRECT,1336.0,0.0,0,0.0,low
R0930_DIRECT,NGAPP,JPOKA,DIRECT,9533.0,47.0,0,0.0,low
R0931_SUEZ,IDSUB,EGSUZ,SUEZ,4489.0,0.0,400000,0.4,elevated
R0932_DIRECT,AUSYD,CAAQW,DIRECT,7561.0,268.0,0,0.0,moderate
R0933_CAPE,USNYC,NGAPP,CAPE,10356.0,793.0,0,1.39,elevated
R0934_CAPE,CARTG,CNTAO,CAPE,11458.0,0.0,0,0.63,elevated
R0935_SUEZ,CNTAO,OMSOH,SUEZ,3657.0,0.0,400000,0.93,elevated
R0936_DIRECT,CLVAP,MYTPP,DIRECT,2155.0,0.0,0,0.0,elevated
R0937_PANAMA,KRPUS,OMSOH,PANAMA,5542.0,0.0,350000,0.49,low
R0938_DIRECT,AUMEL,ITGIT,DIRECT,2985.0,0.0,0,0.0,elevated
R0939_PANAMA,KRPUS,BRSSZ,PANAMA,7909.0,0.0,350000,0.89,moderate
R0940_PANAMA,CNTAO,CNSHA,PANAMA,5921.0,478.0,350000,0.43,low
R0941_PANAMA,NGAPP,AUMEL,PANAMA,12005.0,0.0,350000,0.78,elevated
R0942_SUEZ,NLRTM,ARBAI,SUEZ,13449.0,597.0,400000,0.86,moderate
R0943_SUEZ,AUPHE,INPAR,SUEZ,6557.0,0.0,400000,0.48,moderate
R0944_DIRECT,MYTPP,JPOKA,DIRECT,12773.0,361.0,0,0.0,elevated
R0945_CAPE,AEJEA,AUMEL,CAPE,9293.0,0.0,0,1.17,elevated
R0946_PANAMA,INPAR,PAONX,PANAMA,11043.0,0.0,350000,1.22,elevated
R0947_SUEZ,EGSUZ,BRSFS,SUEZ,4557.0,0.0,400000,0.69,elevated
R0948_PANAMA,USNYC,AEJEA,PANAMA,7137.0,416.0,350000,1.07,moderate
R0949_SUEZ,OMSOH,GRPIR,SUEZ,12300.0,0.0,400000,0.82,elevated
R0950_SUEZ,ESLPA,NLRTM,SUEZ,10127.0,779.0,400000,0.36,moderate
R0951_DIRECT,AUMEL,GRPIR,DIRECT,4696.0,0.0,0,0.0,moderate
R0952_CAPE,ZACPT,ITGIT,CAPE,4788.0,0.0,0,1.15,elevated
R0953_CAPE,OMSOH,MXVER,CAPE,9561.0,0.0,0,0.51,moderate
R0954_CAPE,VEPRC,AUPHE,CAPE,2669.0,0.0,0,0.54,low
R0955_SUEZ,AEJEA,USNYC,SUEZ,9138.0,481.0,400000,0.46,elevated
R0956_DIRECT,VNHPH,ARBAI,DIRECT,3022.0,0.0,0,0.0,elevated
R0957_DIRECT,SAJED,PAONX,DIRECT,3094.0,0.0,0,0.0,low
R0958_DIRECT,BRSSZ,USNOL,DIRECT,3531.0,770.0,0,0.0,moderate
R0959_DIRECT,USNOL,JPOKA,DIRECT,9438.0,14.0,0,0.0,low
R0960_PANAMA,NGAPP,VNHPH,PANAMA,13308.0,0.0,350000,0.49,moderate
R0961_CAPE,USNOL,INHAL,CAPE,3638.0,273.0,0,1.13,low
R0962_SUEZ,CNSHA,SAJED,SUEZ,11177.0,92.0,400000,0.33,elevated
R0963_DIRECT,NLRTM,USGDX,DIRECT,7067.0,329.0,0,0.0,elevated
R0964_PANAMA,OMSOH,MYTPP,PANAMA,12917.0,0.0,350000,0.77,low
R0965_CAPE,MYTPP,CARTG,CAPE,5085.0,0.0,0,0.99,elevated
R0966_CAPE,IDSUB,INPAR,CAPE,11894.0,0.0,0,0.57,elevated
R0967_SUEZ,BRSSZ,BDKHL,SUEZ,9971.0,0.0,400000,1.12,moderate
R0968_CAPE,VNHPH,ZACPT,CAPE,4700.0,0.0,0,0.63,low
R0969_SUEZ,INPAR,GBFXT,SUEZ,10707.0,408.0,400000,1.17,elevated
R0970_SUEZ,USGDX,JPOKA,SUEZ,10605.0,445.0,400000,0.62,low
R0971_PANAMA,JPTYO,EGSUZ,PANAMA,4244.0,693.0,350000,1.44,elevated
R0972_PANAMA,EGSUZ,BDKHL,PANAMA,13893.0,0.0,350000,0.44,moderate
R0973_SUEZ,BRSSZ,SGSIN,SUEZ,11274.0,0.0,400000,0.6,low
R0974_CAPE,AEJEA,ZACPT,CAPE,7048.0,0.0,0,1.18,elevated
R0975_SUEZ,AUMEL,BRSSZ,SUEZ,12551.0,0.0,400000,1.09,elevated
R0976_PANAMA,BRSSZ,OMSOH,PANAMA,4393.0,0.0,350000,1.32,elevated
R0977_DIRECT,MYTPP,CNGZG,DIRECT,12022.0,354.0,0,0.0,low
R0978_PANAMA,INMUN,NLRTM,PANAMA,8623.0,463.0,350000,0.69,moderate
R0979_DIRECT,BRSFS,SAJED,DIRECT,11049.0,0.0,0,0.0,low
R0980_CAPE,USNYC,AUPHE,CAPE,8654.0,119.0,0,1.24,low
R0981_DIRECT,BDKHL,SGSIN,DIRECT,10777.0,0.0,0,0.0,low
R0982_CAPE,BRSSZ,INMUN,CAPE,9466.0,0.0,0,0.66,elevated
R0983_DIRECT,ESLPA,ARBAI,DIRECT,6833.0,0.0,0,0.0,moderate
R0984_DIRECT,ESLPA,AUPHE,DIRECT,13993.0,0.0,0,0.0,moderate
R0985_DIRECT,GBFXT,ITGIT,DIRECT,7668.0,219.0,0,0.0,low
R0986_PANAMA,PAONX,AEJEA,PANAMA,1659.0,0.0,350000,0.51,elevated
R0987_PANAMA,INMUN,OMSOH,PANAMA,8632.0,0.0,350000,1.19,low
R0988_PANAMA,BRSFS,GBFXT,PANAMA,12999.0,677.0,350000,0.61,low
R0989_PANAMA,CAAQW,INHAL,PANAMA,8274.0,691.0,350000,0.64,low
R0990_CAPE,NLRTM,ZACPT,CAPE,2021.0,683.0,0,0.76,elevated
R0991_DIRECT,JPTYO,MXVER,DIRECT,12381.0,362.0,0,0.0,moderate
R0992_PANAMA,ZACPT,INMUN,PANAMA,13276.0,0.0,350000,1.13,low
R0993_PANAMA,AEJEA,JPOKA,PANAMA,7522.0,559.0,350000,1.38,moderate
R0994_SUEZ,BRVIX,SAJED,SUEZ,8883.0,0.0,400000,1.05,moderate
R0995_CAPE,VEPRC,AEJEA,CAPE,10849.0,0.0,0,1.45,moderate
R0996_DIRECT,ZACPT,AUSYD,DIRECT,10741.0,0.0,0,0.0,moderate
R0997_DIRECT,ZACPT,CLVAP,DIRECT,4345.0,0.0,0,0.0,moderate
R0998_PANAMA,BRVIX,CAAQW,PANAMA,7678.0,348.0,350000,1.13,elevated
R0999_SUEZ,NLRTM,ITGIT,SUEZ,13994.0,214.0,400000,0.59,elevated
